id,name,category,address,road_address,lat,lng,link,phone,business_hours,menu,tags,area,event_start,event_end,source,raw_json,fetched_at
2bd13381-c700-5288-aaea-805ec11ed2d5,요시와라 대염상 팝업 스토어,팝업스토어,서울 마포구 양화로 188 AK PLAZA 4F LIMITION,,,,https://search.naver.com/search.naver?where=nexearch&sm=top_hty&fbm=0&ie=utf8&query=%EC%9A%94%EC%8B%9C%EC%99%80%EB%9D%BC%20%EB%8C%80%EC%97%BC%EC%83%81%20%ED%8C%9D%EC%97%85%20%EC%8A%A4%ED%86%A0%EC%96%B4,,,,[],,2026-08-04,2026-08-30,blog_popup,"{""title"": ""은혼 홍대 팝업 요시와라 대염상 굿즈"", ""link"": ""https://blog.naver.com/rlarlxo0930/224388666665"", ""description"": ""요시와라 대염상 팝업스토어 서울 마포구 양화로 188 AK PLAZA 4F LIMITION 기간 2026.08.04 ~ 2026.08.30 이번에 은혼 요시와라 대염상 극장판 개봉 기념으로 팝업 행사를 하고 있다는 소식을 듣고 구경하러 다녀왔어요.... "", ""bloggername"": ""Achamtae cultural life"", ""bloggerlink"": ""https://blog.naver.com/rlarlxo0930"", ""postdate"": 20260824, ""query"": ""마포구 팝업스토어"", ""content"": ""요시와라 대염상 팝업스토어\n서울 마포구 양화로 188 AK PLAZA 4F LIMITION\n기간 2026.08.04 ~ 2026.08.30\n이번에 은혼 요시와라 대염상 극장판 개봉 기념으로 팝업 행사를 하고 있다는 소식을 듣고 구경하러 다녀왔어요.\n위치는 홍대 AK플라자 4층 리밋션에서 진행 중입니다.\n​\n​\n홍대 은혼 팝업 입구부터 애니 무드에 어울리는 인테리어 소품을 활용해서 꾸며놓은 모습입니다.\n저는 보기 드물게 옷을 입고 있는 엘리자베스 코스트가 좀 탐이 나더라고요.\n2만원 이상 구매 시 증정되는 랜덤 특전이라고 하니 금액 맞춰보셔도 되겠죠.\n​\n​\n본격적인 쇼핑에 앞서 전시 공간을 보는데 이번 홍대 은혼 팝업 요시와라 대염상 굿즈는 안경 거치대 스탠드랑 안경 거치대가 특히 잘 나왔네요.\n​\n안경 거치대는 제가 방문했을 때 품절이었는데 사전 예약 시스템을 운영하고 있어서 결제 먼저 하고 추후에 재입고 시 구매 가능했어요.\n​\n​\n애니 굿즈하면 아크릴 스탠드랑 캔뱃지가 빠지면 섭하죠.\n의외인게 긴토키 굿즈가 많이 남아있었어요.\n​\n캔뱃지는 금박 형태로 나와서 디자인이 너무 예뻣고 실물 제품도 전시되어 있으니 구매에 참고하시면 될 것 같아요.\n​\n​\n요즘 유행하는 키캡 키링도 보이네요.\n진작에 품절될 줄 알았는데 인당 구매 제한 덕분인지 소량 재고가 있긴 했어요.\n은혼 특유의 무드가 제대로 나고 굿즈 느낌도 거의 없어서 데일리하게 활용하기 좋겠습니다.\n​\n​\n은혼 반팔 티셔츠나 마우스 장패드 같이 실용적인 굿즈도 있으니 천천히 둘러보세요.\n​\n​\n팝업스토어 인테리어도 캐릭터 포스터로 예쁘게 꾸며놓은 모습이 구경하는 재미가 쏠쏠하고 인증샷 찍으면서 추억 남겨보셔도 되겠습니다.\n​\n오늘은 오랜만에 홍대 애니 팝업 투어 후기를 남겨봤는데 은혼 요시와라 대염상 극장판 재밌게 본 분들이 방문하면 즐거운 시간 보내실 수 있을 것 같아요~^^\n​\n​\n은혼 팝업 - 요시와라 대염상 @홍대\n서울특별시 마포구 양화로 188 (동교동, 애경타워) AK PLAZA 홍대 4층 LIMITION""}",2026-09-11T04:37:29.908110+00:00
519b1e71-882e-5e1b-bc5e-a2f6f75169d1,RIIZE POP-UP ARCHIIVE²,팝업스토어>연예 팝업,서울특별시 마포구 신수동 93-4 레이어 스튜디오 11,서울특별시 마포구 광성로 41-11 레이어 스튜디오 11,37.5504388,126.9368886,https://search.naver.com/search.naver?where=nexearch&sm=top_hty&fbm=0&ie=utf8&query=RIIZE%20POP-UP%20ARCHIIVE%C2%B2,,,,[],,2026-06-16,2026-06-28,blog_popup,"{""title"": ""RIIZE POP-UP ARCHIIVE²"", ""link"": """", ""category"": ""팝업스토어>연예 팝업"", ""description"": """", ""telephone"": """", ""address"": ""서울특별시 마포구 신수동 93-4 레이어 스튜디오 11"", ""roadAddress"": ""서울특별시 마포구 광성로 41-11 레이어 스튜디오 11"", ""mapx"": ""1269368886"", ""mapy"": ""375504388""}",2026-09-11T04:37:33.725290+00:00
9a98e612-d39a-539c-a0bb-fb2b54d8d3db,전지적 독자 시점 X 애니메이트 카페 콜라보 카페 @홍대,"팝업스토어>웹툰, 애니메이션 팝업",서울특별시 마포구 동교동 190-1,"서울특별시 마포구 양화로 188 (동교동, 애경타워) AK 플라자 홍대 5층 애니메이트 카페",37.5577842,126.926384,https://search.naver.com/search.naver?where=nexearch&sm=top_hty&fbm=0&ie=utf8&query=%EC%A0%84%EC%A7%80%EC%A0%81%20%EB%8F%85%EC%9E%90%20%EC%8B%9C%EC%A0%90%20X%20%EC%95%A0%EB%8B%88%EB%A9%94%EC%9D%B4%ED%8A%B8%20%EC%B9%B4%ED%8E%98%20%EC%BD%9C%EB%9D%BC%EB%B3%B4%20%EC%B9%B4%ED%8E%98%20%40%ED%99%8D%EB%8C%80,,,,[],,2026-07-31,2026-08-17,blog_popup,"{""title"": ""<b>전지</b>적 <b>독자 시점</b> X 애니메이트 카페 콜라보 카페 @<b>홍대</b>"", ""link"": ""https://www.instagram.com/p/Db2pKlwEuzV"", ""category"": ""팝업스토어>웹툰, 애니메이션 팝업"", ""description"": """", ""telephone"": """", ""address"": ""서울특별시 마포구 동교동 190-1"", ""roadAddress"": ""서울특별시 마포구 양화로 188 (동교동, 애경타워) AK 플라자 홍대 5층 애니메이트 카페"", ""mapx"": ""1269263840"", ""mapy"": ""375577842""}",2026-09-11T04:37:34.020966+00:00
24fb8a23-4ddc-5d14-8658-dcc5b9eb7cb7,2026 홍실퀘스트 서울 팝업 스토어,팝업스토어,서울 마포구 월드컵로 8길 69 마루 1층,,,,https://search.naver.com/search.naver?where=nexearch&sm=top_hty&fbm=0&ie=utf8&query=2026%20%ED%99%8D%EC%8B%A4%ED%80%98%EC%8A%A4%ED%8A%B8%20%EC%84%9C%EC%9A%B8%20%ED%8C%9D%EC%97%85%20%EC%8A%A4%ED%86%A0%EC%96%B4,,,,[],,2026-08-06,2026-08-17,blog_popup,"{""title"": ""홍실퀘스트 웹툰 팝업스토어 서울&amp;숲이랑 작가님 사인회 방문 후기"", ""link"": ""https://blog.naver.com/insiiru_/224373214848"", ""description"": ""♬ 이구이(IGWI) - 아마도(Maybe) 2026 홍실퀘스트 서울 팝업스토어 2026.08.06(목) ~ 2026.08.17(월) 서울 마포구 월드컵로 8길 69 마루 1층 &lt; &gt; 예약도 있는데 현장으로 바로 드갈 수도 있고 무료입장이니까 한 번씩 구경... "", ""bloggername"": ""♡♥ 이제 니 인생 살아 ♥♡"", ""bloggerlink"": ""https://blog.naver.com/insiiru_"", ""postdate"": 20260809, ""query"": ""마포구 팝업스토어"", ""content"": ""♬ 이구이(IGWI) - 아마도(Maybe)\n​\n​\n​\n​\n​\n​\n​\n2026 홍실퀘스트 서울 팝업스토어\n2026.08.06(목) ~ 2026.08.17(월)\n서울 마포구 월드컵로 8길 69 마루 1층\nPrevious image\nNext image\nPrevious image\nNext image\n네이버 예약 :: 홍실퀘스트 서울 팝업\n<Red Thread Quest Popup Store : Seoul> - 팝업스토어 위치 서울특별시 마포구 월드컵로 8길 69, 마루빌딩 1층 - 영업 시간 매일 11시 30분 - 21시 30분 - 예약 안내 ID당 최대 예약 가능 수량 5매 (회차당 최대 2매 예약 가능) - 입장 안내 01 서울 팝업스토어 [홍실퀘스트] 는 사전 예약 입장과 현장 예약 입장이 동시 운영됩니다. 02 대기 등록 시 알림톡이 발송될 예정입니다. (외국인은 이메일 발송 됩니다 ) 입장 알림 호출을 받으시면 수신 후 20분 이내 입장 부탁드립니다. 20...\nbooking.naver.com\n예약도 있는데 현장으로 바로 드갈 수도 있고\n무료입장이니까 한 번씩 구경 가보시길!\n전 숲이랑 작가님 사인회 찬스로 입장 쿠폰 받았더욘\n​\n​\n​\n​\n​\n​\n​\n#홍실퀘스트\n#홍퀘\n#엑스스퀘어\n#RedThreadQuest\n#xsquare\n#xsquare_icons\n#홍실퀘스트x엑스스퀘어\n​\n두긘두긘 오늘은 홍실퀘스트 숲이랑 작가넴 사인회 가는 날\n오랜만에 갑자기 무슨 변덕인지 풀메를 하고 싶어졌는데요\n​\n​\n​\n​\n​\n​\n​\n눈썹 정리하다가 잘못 밀어서 그리지머 움냠얌 하고 있었는데\n생각보다 준비 시간이 ㄹㅇ 타이트 했던거긔 ;;;;\n앉아서 핫도기 먹으면서 유튜브 볼 때가 아녔음\n​\n​\n​\n​\n​\n​\n​\n잘 보이는 것보다 못 드가는 게 더 심각하다 판단했기에\n눈썹 ㅇㅈㄹ하고 감\n​\n​\n​\n​\n​\n​\n​\n앞머리 있으니까 괜찮겠지 싶었는데 웬걸 돌핀의 영향인가\n바람이 ㅈㄴ게 불기 시작\n​\n​\n​\n​\n​\n​\n​\n그렇게 추노꾼이 되어 사인회 근처까지 왔는데 넘 빨리 온 거임\n​\n​\n​\n​\n​\n​\n​\n하네루\n서울특별시 마포구 잔다리로 71 1층 102호\n그래서 혼자 카페에서 코피 수혈함\n​\n​\n​\n​\n​\n​\n​\n여긴 조금 있다가 사인회 갔다 방문할 팝업이고\n​\n​\n​\n​\n​\n​\n​\n라움빌딩\n서울특별시 마포구 동교로16길 31 라움빌딩\n사인회는 마주 보고 있는 건물 2층에서 진행됨이\n밖에 스탭분 서 계시는데 ㄹㅇ 개덥겠다 싶었음요 ㅠㅠ\n어제가 진짜 ㄹㅈㄷ 더웠는데 오늘은 바람도 불고\n그나마 조금 나아져서 다행이라고 해야 할지;\n​\n​\n​\n​\n​\n​\n​\n아무튼 2층으로 올라가줍니다\n한 층인데 사람들이 다 엘베 타서 놀랐음\n​\n​\n​\n​\n​\n​\n​\n입구 ㄹㅇ 너무 집이라서 당황슨\n​\n​\n​\n​\n​\n​\n​\n줄 서서 기다리면 예약 내역 / 신분증 / 소장 내역 체크하고\n팝업 입장권이랑 사인지에 적힐 이름 or 닉네임 적으면 됨!\n​\n​\n​\n​\n​\n​\n​\n근데 안에서 숲이랑 작가넴과 팬분들의 이야기가 꽤 길어짐\n+ 갑자기 사인지가 떨어짐 이슈로 사인회 시간이 좀 딜레이 돼서\n​\n​\n​\n​\n​\n​\n​\n봉에 매달린 코여운 연기훈처럼 의젓하게 기다렸어요\n​\n​\n​\n​\n​\n​\n​\n두긘두긘 작가넴 뵙기 바로 직전. . .\n다들 작가넴 너무 좋아 어흑 하면서\n지인분들과 부등부등 꺄르륵 하고 계시는데\n​\n​\n​\n​\n​\n​\n​\n난 안에서 뭘 보여드려야 하는 건지\n혼자서 개쓸데없이 위기감 느낌\n​\n​\n​\n​\n​\n​\n​\n드가기 전에 생각보다 안 떨리는데? ㅋ ㅇㅈㄹ하고 있었는데\n이제 들오세요 하니까 갑자기 떨려서 더워지기 시작함\n작품 넘 잘 보고 있다 더운데 고생 많으시다 뭐 이런 얘기들했슨\n갑자기 어쩌다 내가 개명한 사실까지 오픈하게 되고(?)\n작품 다 보셨는지 물어봐 주셔서 아직 후반부 못 봤다고 했는데\n작가넴이 플리 올린 거 있다고 그거 들으면서 봐주셨음 좋겠다고\n리튓하겠다구 하셔서 꼭 들음서 과몰입하기로 약속함\n​\n​\n​\n​\n​\n​\n​\n사인회 다니면서 역대급으로 많은 대화를 한 듯\n시간 다 됐다고 스탭분이 얘기해 주셔서 나온 거 첨이에요\n원래도 알던 사이인 것처럼 너무 편안하게 해주셔서\n​\n​\n​\n​\n​\n​\n​\n눈썹 갈린 것도 잊어버렸다네요\n​\n​\n​\n​\n​\n​\n​\n홍실 퀘스트 팝업 @홍대\n서울특별시 마포구 월드컵로8길 69 (서교동, 마루) 마루빌딩 1층\n그리고 사인회 나와서 바로 앞에 있는 홍실퀘스트 팝업에 입장\n​\n​\n​\n​\n​\n​\n​\n저 오른쪽에 안내가 이렇게 되어 있어서 여기가 입구인 줄 알았음\n​\n​\n​\n​\n​\n​\n​\n이상하다고 생각은 했는데 문이 있길래 걍 드가 버림\n스탭분이 여기 출구라고 알려주셔서 알았고연;;\n​\n​\n​\n​\n​\n​\n​\n아무튼 출구로 입장해서 입구로 간 다음에 입장 쿠폰 드렸어요\n​\n​\n​\n​\n​\n​\n​\n어제가 감자기훈 생일이었다네요\n​\n​\n​\n​\n​\n​\n​\n이제 레드라는 문구만 봐도 춤춰야 할 거 같음\n​\n​\n​\n​\n​\n​\n​\n홍퀘는 기훈이가 른인게 렬로 맛인 것이에요\n​\n​\n​\n​\n​\n​\n​\n돈 없어서 이 갓굿즈들을 침 흘리면서 구경만 함\n컨셉을 작가넴이 너무 잘 잡고 그려주셔서\n예쁜 굿즈들 많아요 ㅠㅠㅠ\n​\n​\n​\n​\n​\n​\n​\n이 향수 맡아봐도 되는 거였을까 이제야 생각이 드네\n​\n​\n​\n​\n​\n​\n​\n갠적으로 여기 디피가 젤 코여워서 좋았슨요\n​\n​\n​\n​\n​\n​\n​\n나 얼른 뒷부분 다 봐야 하는데 사놓고 보질 못한 작품만 5억 개\n사실상 그냥 기부 중인 게 아닌가 싶을 정도\n​\n​\n​\n​\n​\n​\n​\n근데 숲이랑 작가넴은 연재도 하시고 이 굿즈들\n일러도 그리시고 대체 얼마나 열심히 하시는 거지\n하는 생각이 갑자기 들기 시작하면서\n나의 삶을 되돌아보기 시작함\n​\n​\n​\n​\n​\n​\n​\n진짜 이거 너무 코염져서 지갑 열고 싶었어\n​\n​\n​\n​\n​\n​\n​\n어흐흑 돈 주세요\n​\n​\n​\n​\n​\n​\n​\n여기가 ㄹㅇ청량한 여름이고\n​\n​\n​\n​\n​\n​\n​\n진짜 어른이들만 입장할 수 있는 구금 굿즈존\n신분증을 보여드리고 드가면 됩니다\n​\n​\n​\n​\n​\n​\n​\n아무리 말랑하게 나와도 알몸이니까 가려드렸습니다\n​\n​\n​\n​\n​\n​\n​\n그 굿즈를 실물로 봄. . . .음후 울랄라\n​\n​\n​\n​\n​\n​\n​\n가기 전에 저도 메모지 하나 붙였더욘 제거 뭐게요\n​\n​\n​\n​\n​\n​\n​\n출구로 들어와서 출구로 나가는 사람이 있다?\n​\n​\n​\n​\n​\n​\n​\n여기 기훈이 얼굴로 드가시면 됨\n입구라고 대놓고 써져 있는 걸 이제야 봤지 뭡닉가;\n​\n​\n​\n​\n​\n​\n​\n그리고 투니크 방포랑 헤이포카 4주 차 뽑으러 가는 길에\n스파이더맨 브랜뉴데이 광고 영상 찍고 싶었는데\n내가 매번 핸드폰만 꺼내면 빌딩에서 멋지게 떨어지는 장면\n끝나고 꼭 저렇게 개박살나는 장면만 나오더라\n​\n​\n​\n​\n​\n​\n​\n포기하고 좀 걸어가니까\n스파이더맨 손 전시되어 있어서 이거라도 찍어줌\n방포 교환하고 있는 학생들이 있길래\n전 다 모아서 바꿔줬는데 좋아하는 거 넘 코여웠어. . .\n​\n​\n​\n​\n​\n​\n​\n집 가는 길에 살 거 있어서 다이소 들렸다\n과자 고르는데 정말 당연한 게 적혀있어서 공포임\n저걸 안 지키는 사람이 있다는 거 아니야\n​\n​\n​\n​\n​\n​\n​\n요새 몸무게 인생 최대치 찍고 어제 다이어트 결심\n오지게 했는데 과자 개큰 거 산 꼬라지\n​\n​\n​\n​\n​\n​\n​\n음 몰겠고 다녀왔슨니다\n​\n​\n​\n​\n​\n​\n​\n이거 박살 난 거 때문에 다이소 간 건데 살 게 없더라고욘;\n담에 다른 다이소 가면 사야겠어요. . .\n​\n​\n​\n​\n​\n​\n​\n이런 일도 있었긔; 손풍기 몇 년 전에 산 건데\n사용한 횟수 열 손가락에 꼽음 왜 이러는지 나도 몰겠네\n그래서 이제 들고 다녀요. . .쓰려고\n​\n​\n​\n​\n​\n​\n​\n사인지에 그림 그려주신 거 실시간으로 첨 봤어\n​\n​\n​\n​\n​\n​\n​\n이건 홍실퀘스트 팝업 입장하면 누구나 주는 입장 특전\n​\n​\n​\n​\n​\n​\n​\n이건 홍퀘 팝업 방문한 사진 태그 걸어서 올리면\n증정되는 기훈이 부채인데 소진되면 종료될 수도 있대요\n​\n​\n​\n​\n​\n​\n​\n다이어리에 붙이라고 이것도 가져옴\n​\n​\n​\n​\n​\n​\n​\n투니크 타시로 헤이포카 4주 차도 뽑아왔는데\n오늘이 딱 마지막이더라구욘 후\n말도 안 된다 이제 살만하니까 주말이 끝났어\n​\n​\n​\n​\n​\n​\n커어어억 푸데푸데\n​\n​\n​\n​\n​\n​\n​\n​""}",2026-09-11T04:37:34.333513+00:00
7644ae4e-043d-56a2-84a0-0ad3166c9248,전지 독자 시점 여름 유람 팝업 스토어,팝업스토어,"서울특별시 마포구 성미산로 151-1 (연남동, 일오일 빌딩) 굿즈모먼트 1~4층",,,,https://search.naver.com/search.naver?where=nexearch&sm=top_hty&fbm=0&ie=utf8&query=%EC%A0%84%EC%A7%80%20%EB%8F%85%EC%9E%90%20%EC%8B%9C%EC%A0%90%20%EC%97%AC%EB%A6%84%20%EC%9C%A0%EB%9E%8C%20%ED%8C%9D%EC%97%85%20%EC%8A%A4%ED%86%A0%EC%96%B4,,,,[],연남동,2026-07-31,2026-08-17,blog_popup,"{""title"": ""전지적독자시점 한여름의 유람 팝업스토어(1) 굿즈구경 &amp; 포토이즘...."", ""link"": ""https://blog.naver.com/yam_durian/224369256531"", ""description"": ""전지적 독자 시점 한여름의 유람 팝업 서울 마포구 성미산로 151-1 굿즈모먼트 팝업스토어 &amp; 콜라보카페 예약페이지 ⬇️ 행사기간 26.07.31(금) ~ 08.17(월) 행사위치 서울 마포구 성미산로 151-1 예약자가... "", ""bloggername"": ""취미기록장입니다 구경옵셔"", ""bloggerlink"": ""https://blog.naver.com/yam_durian"", ""postdate"": 20260805, ""query"": ""마포구 팝업스토어"", ""content"": ""전지적 독자 시점 콜라보 카페 - 한여름의 유람\n서울특별시 마포구 성미산로 151-1 (연남동, 일오일 빌딩) 굿즈모먼트 1~4층\n전지적 독자 시점\n한여름의 유람 팝업\n서울 마포구 성미산로 151-1 굿즈모먼트\n팝업스토어 & 콜라보카페 예약페이지 ⬇️\n굿즈모먼트 : 네이버\n방문자리뷰 1,097 · 블로그리뷰 84\nm.place.naver.com\n​\n📍행사기간\n26.07.31(금) ~ 08.17(월)\n​\n📍행사위치\n서울 마포구 성미산로 151-1\n​\n예약자가 몰리다보니 예약페이지가 터졌다 생겼다 하네요..\n​\n​\n굿즈모먼트 도착!\n웹툰 굿즈 콜카로 1층부터 4층까지 쭉 돌면됩니다\n​\n전독시 팝업은\n1층 포토이즘\n2층 콜라보카페\n3층 밀리오디오책&구체관절인형\n4층 굿즈팝업 이렇게 있습니다\n​\n1층 전독시 포토이즘\n​\n생일맞이 중혁ts 안뽑을 수가 없어서 ㅋㅋㅋ큐ㅠㅠ\n이거랑 김독자B 뽑\n​\n​\n입장특전이랑 4컷\n특전 비유부채 너무 귀엽고\n​\n​\n2층이 콜카인데 팝업은 두 층 더 올라가시면 됩니다 (4층)\n현장대기도 있긴한데 날이 너무 더워서 진짜 무리같아요\n물론 중간에 야외 에어컨을 설치해주셨지만 그래도 이 날씨에 버티기 쉽지 않을듯요..\n​\n관리자분도 너무 더우니까 중간에 야외에서 대기하시는 분들 나눠서 실내로 미리 안내해주시더라구요\n​\n4층 전독시 팝업스토어\n​\n팝업입구는 큰 한복 아크릴 등신대와 등장인물 전시된 포토존입니다\n​\n안쪽으로 들어오시면 바로 야구유니폼이 나오는데 생각보다 예쁘네요 ..실물이 나은듯\n​\n​\n​\n​\n단독아크릴은 생각보다 엄청 크네요 키링도 그렇고 이번엔 굿즈가 전체적으로 크게 나온것같아요\n​\n​\n​\n생일이라 그런지 눈매가 착해진 유중혁\n​\n​\n마스킹 테이프랑 지하철 미니 아크릴스탠드 이건 전에 전시회때도 봤던 굿즈네요\n루돌프 중혁 산타 수영이 귀엽네요 마그넷이었나\n​\n​\n여름굿즈 실물도 이쁩니다 ~\n아크릴스탠드 서머스트림 버전으로 내는게 좀더 끌리는데 글리픽이라 아쉽\n​\n단체 아크릴 스탠드 멋있네요 안쪽에 포토존겸 전시용으로 크게 배치되어있었습니다\n​\n​\n​\n중혁 코롯토 귀여움 ! 독자 코롯토는 품절 상태\n​\n❤\n​\n앉아 피규어 다 너무 귀여운데\n우리엘 옆에서보니 약간 거북목인거 같아욬ㅋㅋㅋ\n뭘 보느라 목을 저렇게 빼고 보는지 귀욥❤\n​\n​\n​\n여기도 기존 굿즈인듯\n전에 전시때도 인형 금방 품절나서 수량이 넉넉해진 느낌이네요\n​\n​\n​\n원화보드 구경~\n포카 바인더도 굿즈 구매 대기줄에 있었습니다\n3층에도 밀리오디오책 & eyetist & 구체관절인형 구경할 수 있었는데 사진이 넘 많아서 나눠서 올려야겟네요 ,,ㅜ\n​\n전독시 팝업 후기(2) 에 이어서 ⬇️\n전지적독자시점 한여름의 유람 팝업스토어 3층 밀리의서재 오디오북, 구체관절인형, EYETIST\n⬆️ 위 전독시 여름팝업후기(1)에 이어서! 3층 밀리의서재 오디오북 3층 들어오시면 볼 수 있는 밀리의 서...\nm.blog.naver.com\n전시 팝업 굿즈 구경 ⬇️\n우리길드아이돌 달무리: 오프라인 길드룸 팝업 후기ㅣ 네이버웹툰 굿즈모음\n우리길드아이돌 팝업스토어 🗓팝업기간 26.08.01.(토) ~ 08.28.(금) 📍팝업장소 서울 용산구 한강대로2...\nm.blog.naver.com\nAK플라자홍대 간략후기(2)ㅣ메가캠퍼스, 귀멸의칼날 팝업, 새틀라이트, 애니메이트\n1편은 위 링크에 ⬆️ 홍대 AK 플라자 3층에 위치해있는 메가캠퍼스 구경겸 들어갔는데 귀여운 룩업피규...\nm.blog.naver.com\n길티기어 블레이블루 아크시스템웍스 아시아 10주년 팝업후기ㅣ길티기어팬이라면 추천!\n길티기어 블레이블루 아크시스템웍스 아시아 10주년 팝업 🗓전시기간 26.07.31.(금) ~ 08.13.(목) 📍전...\nm.blog.naver.com\n쿠키런 킹덤 위대한 왕국의 유산 and B!TES 전시후기\n쿠키런 : 킹덤 위대한 왕국의 유산 and B!TES 전시 📍전시기간 2026. 7. 17(금) ~ 2026. 8. 17(월) ...\nm.blog.naver.com""}",2026-09-11T04:37:35.006029+00:00
36a6ebf7-b80f-5246-88cc-8a49ae765232,주술회전 사멸회유 팝업스토어,"팝업스토어>웹툰, 애니메이션 팝업",서울특별시 마포구 동교동 167-24 LC타워 별관 지하2층,서울특별시 마포구 양화로 178-5 LC타워 별관 지하2층,37.5577033,126.9254156,https://search.naver.com/search.naver?where=nexearch&sm=top_hty&fbm=0&ie=utf8&query=%EC%A3%BC%EC%88%A0%ED%9A%8C%EC%A0%84%20%EC%82%AC%EB%A9%B8%ED%9A%8C%EC%9C%A0%20%ED%8C%9D%EC%97%85%EC%8A%A4%ED%86%A0%EC%96%B4,,,,[],,2026-07-24,2026-08-09,blog_popup,"{""title"": ""<b>주술회전 사멸회유 팝업스토어</b>"", ""link"": ""https://www.instagram.com/fanding_store/"", ""category"": ""팝업스토어>웹툰, 애니메이션 팝업"", ""description"": """", ""telephone"": """", ""address"": ""서울특별시 마포구 동교동 167-24 LC타워 별관 지하2층"", ""roadAddress"": ""서울특별시 마포구 양화로 178-5 LC타워 별관 지하2층"", ""mapx"": ""1269254156"", ""mapy"": ""375577033""}",2026-09-11T04:37:35.312058+00:00
ca760726-672e-5a66-b827-fcac2236411b,AK플라자 홍대 귀멸의 칼날 팝업 스토어,팝업스토어,서울 마포구 양화로 188,,,,https://search.naver.com/search.naver?where=nexearch&sm=top_hty&fbm=0&ie=utf8&query=AK%ED%94%8C%EB%9D%BC%EC%9E%90%20%ED%99%8D%EB%8C%80%20%EA%B7%80%EB%A9%B8%EC%9D%98%20%EC%B9%BC%EB%82%A0%20%ED%8C%9D%EC%97%85%20%EC%8A%A4%ED%86%A0%EC%96%B4,,,,[],,2026-07-07,2026-08-02,blog_popup,"{""title"": ""AK플라자 홍대 귀멸의 칼날 팝업스토어｜굿즈 종류와 방문 후기"", ""link"": ""https://blog.naver.com/kyungkku14/224364769985"", ""description"": ""홍대에 방문했다가 AK플라자 홍대 귀멸의 칼날 팝업스토어를 구경하고 왔어요~ 팝업스토어 정보 위치 서울 마포구 양화로 188 일정 26.07.07 ~ 26.08.02 ⏰️ 운영시간 월~금 11:00~22:00 토,일 10:30~22:00 ☎️ 전화... "", ""bloggername"": ""양념나라 맵시공주"", ""bloggerlink"": ""https://blog.naver.com/kyungkku14"", ""postdate"": 20260801, ""query"": ""마포구 팝업스토어"", ""content"": ""홍대에 방문했다가 AK플라자 홍대 귀멸의 칼날 팝업스토어를 구경하고 왔어요~\n​\n팝업스토어 정보\n📍\n위치\n서울 마포구 양화로 188\n🗓\n일정\n26.07.07 ~ 26.08.02\n⏰️\n운영시간\n월~금 11:00~22:00\n토,일 10:30~22:00\n☎️\n전화\n02-789-9800\n​\n귀멸의 칼날 팬이라면 꼭 가야할 다양한 귀멸의 칼날 굿즈와 캐릭터 전시 공간!\n홍대 AK플라자 4층에 있어요\n​\n​\n귀멸의칼날 무한성편 팝업이에요~\n귀멸의 칼날 MD LIST\n포토카드, 캔뱃지, 아크릴 스탠드, 키링 등\n​\n가격대는 4,000원 ~ 50,000원 사이정도임다\n​\n구매 특전 혜택, 수량제한\n구매자 전원 눈가림 부적 스티커\n3만원당 랜덤 무비 티켓 증정\n​\n예약상품 수령은 카운터로 바로 고고!\n​\n수량제한은\n키캡 세트는 1인 2개\n랜덤 코스튬, 일륜도 키링 1인 11개\n입니다\n​\nPrevious image\nNext image\n귀멸의 칼날 굿즈 전체 떼샷\n​\n굿즈 종류\nPrevious image\nNext image\nPrevious image\nNext image\nPrevious image\nNext image\n귀멸의 칼날 팝업스토어에는 다양한 캐릭터 상품들이 준비되어있어옹\n​\n탄지로, 네즈코, 젠이츠, 이노스케와 기유, 시노부 등 귀살대 캐릭터부터 상현 아카자, 무잔까지 만나볼 수 있슴다\n​\n귀멸의 칼날 포토존도 많아용\n방문 인증 사진 무조건 갈겨야함\n​\nAK플라자 홍대 귀멸의 칼날 팝업스토어 방문은 귀멸의 칼날 팬분들은 가서 구경하기 딱좋아용\n​\n다양한 귀멸의 칼날 굿즈 종류를 직접 보니까 구매결정하기 더 좋을거같아요\n​\nAK PLAZA 홍대\n서울특별시 마포구 양화로 188\n홍대에서 특별한 볼거리를 찾고 있거나 애니메이션 굿즈를 좋아한다면 구경해보세요!""}",2026-09-11T04:37:36.303530+00:00
947c24f1-19da-5f88-9926-2613c78b926d,천국 홍대 추가 팝업,팝업스토어,서울 마포구 양화로 178-5 LC 타워 별관 지하 2층,,,,https://search.naver.com/search.naver?where=nexearch&sm=top_hty&fbm=0&ie=utf8&query=%EC%B2%9C%EA%B5%AD%20%ED%99%8D%EB%8C%80%20%EC%B6%94%EA%B0%80%20%ED%8C%9D%EC%97%85,,,,[],,2026-07-24,2026-08-24,blog_popup,"{""title"": ""주술회전 사멸회유 팝업스토어 굿즈 사은품 [홍대 팝업]"", ""link"": ""https://blog.naver.com/big0339/224359780045"", ""description"": ""홍대 주술회전 사멸회유 팝업스토어 위치 : 서울 마포구 양화로 178-5 LC 타워 별관 지하 2층 기간 : 2026.07.24 ~ 2026.08.24 시간 : 평일 11:00 ~ 20:00 예약 필수, 노쇼가 생긴다면 현장 예매 가능합니다. #주술회전... "", ""bloggername"": ""오늘기록 TO DO"", ""bloggerlink"": ""https://blog.naver.com/big0339"", ""postdate"": 20260727, ""query"": ""마포구 팝업스토어"", ""content"": ""팝업의 천국 홍대에서\n추가로 진행하는 팝업이 있어서 다녀왔어요.\n​\n홍대에 가면 즐거운 것도 보고\n맛있는 것도 먹기 딱 좋아요\n데이트로도 추천합니다.\n​\n홍대 팝업 주술회전 사멸회유 팝업 스토어\n굿즈까지 싹 찾아왔어요.\n​\n홍대 주술회전 사멸회유 팝업스토어\n📌위치 : 서울 마포구 양화로 178-5 LC 타워 별관 지하 2층\n📌기간 : 2026.07.24 ~ 2026.08.24\n📌시간 : 평일 11:00 ~ 20:00\n​\n📌예약 필수, 노쇼가 생긴다면 현장 예매 가능합니다.\nLC타워 별관\n서울특별시 마포구 양화로 178-5\n#주술회전\n#주술회전팝업\n#주술회전사멸회유\n#사멸회유팝업\n#주술회전굿즈\n#주술회전특전\n#주술회전MD\n#홍대팝업\n#홍대팝업스토어\n#홍대가볼만한곳\n#애니메이션팝업\n#애니굿즈\n#굿즈샵\n#덕질\n#덕질투어\n#오타쿠\n#오타쿠투어\n#고죠사토루\n#이타도리유지\n#후시구로메구미\n​\n제 주변에는 주술회전을 좋아하는 친구들이\n여럿 있다 보니 함께 가게 되었는데요\n볼 것도 은근히 많고 포토존도 괜찮고\n심지어 이번 팝업은 정말 대박인 게\n사은품이 최고였어요.\n​\n정말 다 퍼주는 느낌이 들어서 조금만 사도\n이득이었습니다.\n​\n게다가 제 최애가 아닌 경우에\n바꿔주시기도 합니다. (출구 쪽에서)\n​\nPrevious image\nNext image\n최애 모음\n중간에 애니메이션도 볼 수 있는 공간부터\n은근히 공간이 넓게 만들어놓은 관람 공간이 있었어요.\n​\n사진 찍을 곳도 꽤 있었고\n볼거리도 있었어요.\n​\n적어도 저는 너무 즐겁게 봤던 것 같습니다.\n너무 알차게 뜯어보는 바람에 돈 더 낼 뻔했어요.\n​\n사실 이런 팝업의 핵심에는\n굿즈가 먼저인데요\n굿즈 정보 드리려고 서둘러왔어요.\nPrevious image\nNext image\n굿즈 리스트\n첫 번째 사진에 있는 저 쿠션!\n진짜 엄청 쫀득하고 말랑하고 부드러워서\n뭐에 홀린 듯이 바로 살 뻔했는데\n다른 것들이 살게 많다 보니까\n잘 버텨냈습니다.\n​\n그리고 마지막에 있는 굿즈 중에\n포천 쿠키가 있는데요,\n정말 말 그대로 포천 쿠키이지만\n그 안에 대사들이 적힌 쪽지가 나와요.\n​\n그리고 하나 더!\n이건 정말 비밀인데 포천 쿠키가 생각보다 맛있었습니다.\n​\n하나쯤 여유 있게 드시는 것도 추천드려요\n대사가 적힌 쪽지가 생각보다 아기자기하고 귀여워서\n하나쯤 가질만합니다.\n​\nPrevious image\nNext image\n굿즈 특전\n다른 건 다 모르겠지만\n이번 팝업이 정말 혜자다 스럽다고 느낀 부분이\n이 특전 부분입니다.\n​\n1만 원 넘기면 하나, 2만 원 넘기면 2만 원에 해당하는 하나,\n가 아니에요.\n​\n10만 원어치 사면\n1만 원에 해당하는 것부터 2, 3, 5, 7,10만 원 각각 해당하는 사은품\n모두 증정해 주는 건데요, 적어도 제가 갔던 팝업 중에서는\n이번 홍대 주술회전 사멸회유 팝업이 가장 혜자였어요.\n​\n뭐랄까 지갑이 마구마구 열리는 느낌이었습니다.\n열릴수록 이득인 느낌이라 기분도 좋고\n워낙 좋아하는 애니다 보니까 뿌듯하기도 하고\n여러모로 기분이 좋은 홍대 팝업이었습니다.\n​\n모든 팝업에 있는 포토 부스까지 있고\n구경할 것이 조금 적다 싶을 수 있지만\n굿즈가 있으니 마음이 풍족해지는 팝업이었어요.\n​\n홍대에 맛있는 것도 먹고\n홍대 팝업도 보고 주술 회전 사멸 회유도 복습하고\n굿즈도 얻고 한 번쯤 꼭 가보시는 걸 추천드려요.\n​\n예약은 필수이지만 노쇼가 날 경우\n현장 예약도 가능하니 포기하지 말고 가보시는 것도 추천드립니다.\n​\n웬만하면 예약하고 가시는 것이 가장 베스트입니다!\n​\n짧은 한 줄 후기\n굿즈 최고\n사은품 최고\n​""}",2026-09-11T04:37:38.155304+00:00
1e9a4417-eded-596f-889f-c2950a5c9db4,1 4 층 팝업,팝업스토어,,,,,https://search.naver.com/search.naver?where=nexearch&sm=top_hty&fbm=0&ie=utf8&query=1%204%20%EC%B8%B5%20%ED%8C%9D%EC%97%85,,,,[],,2026-07-31,2026-08-03,blog_popup,"{""title"": ""굿즈모먼트 [전지적 독자 시점 팝업스토어/콜라보카페] 사전예약링...."", ""link"": ""https://blog.naver.com/s2hines2/224354287483"", ""description"": ""굿즈모먼트 위치 마포구 성미산로 151-1 4층 팝업 2층 카페 (현장입장은 8월4일부터) 전지적 독자시점 콜라보카페 기간 7월 31일 - 8월 17일 네이버 사전예약오픈일 7월 22일 19시 예약금 4천원 전독시... "", ""bloggername"": ""ねえ、見てる"", ""bloggerlink"": ""https://blog.naver.com/s2hines2"", ""postdate"": 20260722, ""query"": ""마포구 팝업스토어"", ""content"": ""굿즈모먼트 위치\n마포구 성미산로 151-1\n​\n4층 팝업\n2층 카페\n​\n(현장입장은 8월4일부터)\n​\n​\n전지적 독자시점 콜라보카페 기간\n7월 31일 - 8월 17일\n​\n네이버 사전예약오픈일\n7월 22일 19시\n​\n예약금 4천원\n​\n​\n전독시 콜라보카페 네이버 예약 링크\n네이버 예약 :: 전지적 독자 시점 콜라보 카페\n<전지적 독자 시점 콜라보 카페 사전 예약 안내> 07/31(금) ~ 08/03(월) : 해당 기간 동안에는 네이버 사전 예약을 하신 분만 카페 좌석 이용이 가능합니다. <전지적 독자 시점 콜라보 카페 좌석 이용(예약자) 안내> 카페 좌석은 전 기간 예약자에게 우선 제공되며, 예약 이용 시간으로부터 20분 경과 시 노쇼 처리됩니다. 노쇼 처리된 좌석은 비예약자의 현장 입장객에게 제공됩니다. 예약금 4,000원은 메뉴 주문 시 차감되며, 당일 예약 및 취소는 불가합니다. ID 별 5회차 예약 가능하며, 예약 1건 당 최대 2인 입장 ...\nbooking.naver.com\n​\n​\n전지적 독자 시점 팝업 기간\n7월 31일 - 8월 17일\n​\n네이버예약오픈일정\n7월 22일 18시\n​\n전독시 팝업 네이버예약 링크\n네이버 예약 :: 전지적 독자 시점 팝업 스토어\n<전지적 독자 시점 오피셜 팝업 스토어 사전 예약 안내> 07/31(금) ~ 08/03(월) : 해당 기간 동안에는 네이버 사전 예약을 하신 분만 이용 및 상품 구매가 가능합니다. ID 별 5회차, 1인 2매 예약 가능합니다. (동반 입장의 경우 수량 2개로 예약 부탁 드립니다.) <전지적 독자 시점 오피셜 팝업 스토어 이용 안내> 사전 예약 및 현장 입장으로 운영되며, 전 기간 예약자 우선 입장 됩니다. 회차 시각 10분 전부터 입장 가능하며, 회차 이용 마감 전까지 언제든 입장 가능합니다. 대기 인원이 발생할 경우, 현장 대기 ...\nbooking.naver.com\n​""}",2026-09-11T04:37:38.765106+00:00
876a5d5f-a021-5909-94cd-d34d07c1201e,제2회 미쿠감사제 [우리들의 즐거운 시간],팝업스토어>캐릭터 팝업,서울특별시 마포구 동교동 148-7 레조네,서울특별시 마포구 양화로23길 22-7 레조네,37.5596707,126.9252505,https://search.naver.com/search.naver?where=nexearch&sm=top_hty&fbm=0&ie=utf8&query=%EC%A0%9C2%ED%9A%8C%20%EB%AF%B8%EC%BF%A0%EA%B0%90%EC%82%AC%EC%A0%9C%20%5B%EC%9A%B0%EB%A6%AC%EB%93%A4%EC%9D%98%20%EC%A6%90%EA%B1%B0%EC%9A%B4%20%EC%8B%9C%EA%B0%84%5D,,,,[],,2026-07-17,2026-08-13,blog_popup,"{""title"": ""제2회 <b>미쿠</b>감사제 [우리들의 즐거운 시간]"", ""link"": ""https://x.com/rebomofficial"", ""category"": ""팝업스토어>캐릭터 팝업"", ""description"": """", ""telephone"": """", ""address"": ""서울특별시 마포구 동교동 148-7 레조네"", ""roadAddress"": ""서울특별시 마포구 양화로23길 22-7 레조네"", ""mapx"": ""1269252505"", ""mapy"": ""375596707""}",2026-09-11T04:37:39.407863+00:00
63683a82-ae53-5ef4-8d67-8c3597c485d1,오피셜 팝업 스토어,팝업스토어,서울 마포구 성미산로 151-1,,,,https://search.naver.com/search.naver?where=nexearch&sm=top_hty&fbm=0&ie=utf8&query=%EC%98%A4%ED%94%BC%EC%85%9C%20%ED%8C%9D%EC%97%85%20%EC%8A%A4%ED%86%A0%EC%96%B4,,,,[],,2026-07-31,2026-08-17,blog_popup,"{""title"": ""전지적독자시점 오피셜 팝업 스토어 &amp; 콜라보 카페 :  한여름의 유람...."", ""link"": ""https://blog.naver.com/yam_durian/224347826328"", ""description"": ""&lt;전지적 독자 시점&gt; 오피셜 팝업 스토어 &amp; 콜라보 카페 : 한여름의 유람 행사기간: 26.07.31(금) ~ 08.17(월) 행사위치: 서울 마포구 성미산로 151-1 행사내용은 아래 트위터에서 ⬇️ 운영 시간 | 11:00~20:00 사전... "", ""bloggername"": ""취미기록장입니다 구경옵셔"", ""bloggerlink"": ""https://blog.naver.com/yam_durian"", ""postdate"": 20260715, ""query"": ""마포구 팝업스토어"", ""content"": ""​\n<전지적 독자 시점>\n오피셜 팝업 스토어 & 콜라보 카페 :\n한여름의 유람\n​\n📍\n행사기간\n:\n26.07.31(금) ~ 08.17(월)\n​\n📍\n행사위치\n:\n서울 마포구 성미산로 151-1\n굿즈모먼트\n서울특별시 마포구 성미산로 151-1 1~4층\n​\n​\n행사내용은 아래 트위터에서 ⬇️\nX의 전지적 스타스트림님(@OmView_official)\n웹툰 【전지적 독자 시점】 공식 계정. '전지적 스타스트림'은 굿즈, 행사 등 성좌님들을 위한 이벤트 소식을 알려드립니다! 레드아이스 스튜디오에서 운영하는 공식 채널입니다.\nx.com\n​\n​\n​\n​\n​\n운영 시간\n| 11:00~20:00\n사전 예약\n| 7/22(수) 18:00 예약 오픈\n예약 페이지⬇️\n굿즈모먼트 : 네이버\n방문자리뷰 1,065 · 블로그리뷰 62\nzrr.kr\n​\n​\nMD LIST\n​\n​\n유중혁 생일맞이겸 팝업 콜라보카페가 열리나봅니다\n​\n오 김독자 컴퍼니 아크릴 38000원..?\n실제로 보면 크기랑 느낌이 어떨지 궁금하네요!\n​\n​\n​\n​\n앉은 피규어 전에 못보던 것 같은데\n이번에 새로나오는 굿즈들이 많네요\n​\n아크릴 글리픽 여름에 맞춰서 나온 서머 스트림 귀엽습니다~\n야구 유니폼도 독자 수영 중혁 이렇게 세가지 나왔네요\n실물 궁금합니다!\n​\n​\n​\n​\n​\n족자, 아크릴, 포스터도 좋을 거같고 실물 보고와야겠습니다 :)\n​\n​\n예약자, 구매금액별 특전도 준비되어있습니다\n비유 부채 너무 귀엽 ♡\n​\n굿즈구경 ٩꒰｡•◡•｡꒱۶\n용산 도파민스테이션 간략구경ㅣ치이카와팝업 모펀스토어 니케수묵화 별정직공무원 4주애인\n치이카와 팝업은 현장 예약만 되어서 대기 걸어 놓았는데 거의 두 시간 이상 기다려야 해서 결국 포기하고 ...\nm.blog.naver.com\n홍대 애니메이트(1)ㅣ하이틴 에이스테 굿즈 구경✨\n📍전시일정 2026.06.27 ~ 07.19 수아 미지 너무 예뻐요 ㅜㅜ 루카 너드남 ㅋㅋㅋㅋ 의외로 잘 어울리는거...\nm.blog.naver.com\n망나니 pd 아이돌로 살아남기 팝업 후기ㅣ향수는 시향하러 꼭 가보세요!\n예약페이지 및 굿즈 소개는 위 링크에 ⬆️ 저녁타임에 보러가서 수량이 많이 빠졌을까 했는데 아직은 넉넉...\nm.blog.naver.com\n홍대 애니메이트 간략 구경 (2)ㅣ박하사탕콜카, 산가지는 도깨비의 꿈을 꾼다, 체인소맨카페, 주술회전, 묘냥이와 멍구팝업\n사진이 너무 많아서 나눠서 올리게되네뇨 ㅜ 새로 시작한 팝업카페나 이벤트가 많아서 소개겸 올려봅니다 ...\nm.blog.naver.com""}",2026-09-11T04:37:40.722633+00:00
e8e0ca91-2e78-5377-8632-774c625894ff,극장 귀멸의 칼날 무한성편 팝업 스토어,팝업스토어,서울 마포구 양화로 188 AK PLAZA 4F LIMITION,,,,https://search.naver.com/search.naver?where=nexearch&sm=top_hty&fbm=0&ie=utf8&query=%EA%B7%B9%EC%9E%A5%20%EA%B7%80%EB%A9%B8%EC%9D%98%20%EC%B9%BC%EB%82%A0%20%EB%AC%B4%ED%95%9C%EC%84%B1%ED%8E%B8%20%ED%8C%9D%EC%97%85%20%EC%8A%A4%ED%86%A0%EC%96%B4,,,,[],,2026-07-07,2026-08-02,blog_popup,"{""title"": ""홍대 귀칼 무한성 팝업 특전 귀멸의 칼날 포토카드 가챠"", ""link"": ""https://blog.naver.com/rlarlxo0930/224346754605"", ""description"": ""극장판 귀멸의 칼날 무한성편 팝업스토어 서울 마포구 양화로 188 AK PLAZA 4F LIMITION 기간 2026.07.07 ~ 2026.08.02 오늘은 귀칼 무한성 팝업 행사를 하고 있다는 소식을 듣고 굿즈 보러 다녀왔어요. 위치는 홍대... "", ""bloggername"": ""Achamtae cultural life"", ""bloggerlink"": ""https://blog.naver.com/rlarlxo0930"", ""postdate"": 20260714, ""query"": ""마포구 팝업스토어"", ""content"": ""극장판 귀멸의 칼날 무한성편 팝업스토어\n서울 마포구 양화로 188 AK PLAZA 4F LIMITION\n기간 2026.07.07 ~ 2026.08.02\n오늘은 귀칼 무한성 팝업 행사를 하고 있다는 소식을 듣고 굿즈 보러 다녀왔어요.\n위치는 홍대 AK플라자 4층 리미션에서 진행 중입니다.\n​\n​\n이번 홍대 귀칼 팝업에서는 많은 분들이 기다리셨던 상현 굿즈를 만나보실 수 있는데요.\n그 중에서 마우스 장패드가 특히 눈에 띄었어요.\n무한성편 배경으로 디자인이 잘 뽑혔습니다.\n​\n귀멸의 칼날 일러가 예쁘다 보니 포스터 관련 굿즈가 많이 보이더라고요.\n달력도 있고 몇몇 인기 제품은 특전 구매 금액에 포함되지 않는다는점 참고하세요.\n​\n​\n카드 지갑 같은 실용적인 굿즈도 있습니다.\n레더 소재로 귀살대 주 옷 특징을 잘 표현했어요.\n맥세이프 케이스는 디자인이 깔끔하게 나와서 데일리하게 활용하기 좋은 느낌입니다.\n​\n​\n홍대 귀칼 팝업에 요즘 유행하는 키캡 굿즈도 있더라고요.\n항상 인기가 많은 귀멸의 칼날 일륜도 키링은 옷이랑 같이 세트로 나왔고 이번에도 역시나 품절을 기록하네요.\n​\n​\n아크릴 굿즈도 잘 나왔어요.\n키링 전부 모아서 인테리어 소품으로 전시해둬도 예쁠 것 같아요.\n아크릴 스탠드는 여러가지 디자인이 있으니 취향에 맞게 가시면 되겠습니다.\n​\n​\n애니 굿즈하면 랜덤 상품을 빼놓을 수 없죠.\n저는 귀멸의 칼날 포토카드 가챠를 해봤어요.\n가격은 4,000원으로 한 팩에 두 장씩 들어 있었습니다.\n​\n바로 언박싱했는데 젠이츠랑 시노부가 나왔네요.\n개인적으로 둘 다 좋아하는 캐릭터라서 아주 만족입니다.\n​\n​\n귀칼 팝업 구매 이벤트도 진행 중인데 스티커가 제공되고 3만원 충족 시 랜덤 무비 티켓을 받아보실 수 있습니다.\n​\n그리고 팝업 내부에 배치된 유시로를 찾아 특전으로 받은 눈가림 부적 스티커와 함께 사진 촬영 후 SNS 업로드하면 경품 추첨 기회가 주어진답니다.\n​\n​\n극장판 무한성편 영화 속 장면들을 액자로 담아내 사진전 느낌으로 전시해둬서 구경하는 재미가 또 쏠쏠했어요.\n귀칼 팝업스토어 포토존도 잘 꾸며놓은게 인증샷 찍으며 추억 남겨보셔도 되겠습니다.\n​\n​\nQR 스캔을 통해 재고 파악이 가능하니 확인 후 방문하면 효율적으로 이용할 수 있겠죠.\n​\n오늘은 이렇게 홍대 귀멸의 칼날 팝업 후기를 남겨봤는데 이번 극장판 무한성편을 재밌게 본 분들은 참고해보셔도 좋을 것 같아요~^^\n​\n​\n귀멸의 칼날 팝업 @홍대\n서울특별시 마포구 양화로 188 (동교동, 애경타워) AK PLAZA 홍대 4층 LIMITION\n​""}",2026-09-11T04:37:41.360295+00:00
6c41bc2c-8d4c-55fd-934f-7ad9c22e4213,화산 귀환 팝업 스토어,팝업스토어,서울 마포구 성미산로 151-1(굿즈모먼트) 4층 스페셜 팝업 플로어,,,,https://search.naver.com/search.naver?where=nexearch&sm=top_hty&fbm=0&ie=utf8&query=%ED%99%94%EC%82%B0%20%EA%B7%80%ED%99%98%20%ED%8C%9D%EC%97%85%20%EC%8A%A4%ED%86%A0%EC%96%B4,,,,[],,2026-05-01,2026-05-17,blog_popup,"{""title"": ""[화산귀환 팝업스토어] 웹화귀가 돌아왔다"", ""link"": ""https://blog.naver.com/reeeng9/224343715886"", ""description"": ""기념 팝업스토어 입니다 &lt;기획전 정보&gt; [기간] 26.05.01 ~ 26.05.17 [장소] 서울 마포구 성미산로 151-1(굿즈모먼트) 4층 스페셜 팝업 플로어 [운영시간] 12:00 - 20:00 굿즈모먼트 라는 건물엔 처음 와봤습니다 원래도... "", ""bloggername"": ""렝8렝9"", ""bloggerlink"": ""https://blog.naver.com/reeeng9"", ""postdate"": 20260711, ""query"": ""마포구 팝업스토어"", ""content"": ""​\n저는 화귀 ost 중에 만개화를 제일 좋아해요\n​\n​\n​\n​\n​\n​\n​\n​\n렝하🫪\n​\n오늘은 전시회에 갑니다\n(올~ 교양있는 양~)\n​\n​\n​\n​\n​\n​\n​\n​\n^^*\n​\n정말 교양 넘치죠\n​\n오늘 방문한 곳은 바로바로\n화산귀한 복귀 기념 팝업스토어\n​\n입니다\n​\n​\n​\n​\n​\n<기획전 정보>\n​\n[기간]\n26.05.01 ~ 26.05.17\n​\n[장소]\n서울 마포구 성미산로 151-1(굿즈모먼트) 4층 스페셜 팝업 플로어\n​\n[운영시간]\n12:00 - 20:00\n​\n​\n​\n​\n​\n굿즈모먼트\n서울특별시 마포구 성미산로 151-1 1~4층\n​\n굿즈모먼트 라는 건물엔 처음 와봤습니다\n원래도 씹덕굿즈를 파는 곳인 듯 한데요..\n​\n​\n​\n​\n너무너무 기여운 호들요 친구들도 있고요..😍😍\n​\n호랑이 들어와요 라는 웹툰인데\n너무너무너무너무 귀여우니 다들보셈\n기초가 탄탄한 작화라서 눈이 호강하는 웹툰\n​\n​\n​\n​\n​\n제가 좋아하는 스파이패밀리두 있네요\n​\n​\n​\n​\n​\n이 웹툰 그림체는 익숙한데 잘 모르는 작품이라..\n이 작품도 전시회 진행 중인가봐요\n사실 제가 웹툰을 끊은지 꽤 오래됐습니다\n그래서 요즘 작품은 잘 몰라요\n​\n제 웹툰 전성기는..\n​\n.. 말하면 연령대가 들통날 것 같아서 그만두겠습니다\n​\n​\n​\n​\n​\n이런공간도 있었어요..\n아무래도 비엘 웹툰인 듯 함\n부끄러우니 지나쳐줍니다\n​\n​\n​\n​\n저희가 가야할 곳은 4층입니다\n아주 커다란 현수막이 외벽에 걸려있어요\n​\n(\n화산의 형제들 너뮈너뮈 멋지다…\n)\nO\no\n​\n​\n​\n​\n​\n​\n1일부터 3일까지는 사전예약 방문자만 받습니다\n그 이후는 현장예약 자율방문으로 운영한다고 함\n​\n저는 사전예약으로 2일에 방문했어요\n제가 예약한 건 아니지만.. 그렇게 빡빡한 난이도는 아니었던듯 합니다.\n의외로 사람이 없나..?\n​\n​\n​\n​\n매화검존님을 뵙습니다\n내부가 예쁘게 꾸며져 있어요\n​\n​\n​\n이렇게 포토존도 .. 있는데 ㅋㅋㅋ\n뭔가 웃김\n너무나도 부담스러운 크기..\n​\n​\n​\n​\n흠..\n오기전에 엠디리스트를 보고 오긴 했는데\n딱히 사고싶은 건 없었어요\n애초에 제가 오자고 한 것도 아니었지만..\n​\n어쨌든 화산귀환 저도 애정하는 작품이니\n구경이나 해볼까~ 하고 방문\nㅎㅎㅎ\n​\n​\n​\n​\n13시 예약 손님들과 함께 입장했습니다\n내부가 넓진 않아서 줄서서 구경해야 했어요\n느긋하게 감상은 못했다.~ 이 말씀\n​\n근데 위 사진 오른쪽에 보이시나요\n등짝에\n제육볶음의 효능\n..이 써진 티셔츠를 입고계심\n​\n유익하시다..\n​\n​\n​\n​\n​\n의류 굿즈가 그나마 쓸모 있는데\n이번에 나온 티셔츠는 너무 일코불가능 재질이라(..)\n저는 별로 사고싶은 마음이 안들더라구요\n​\n저번에 스파오에서 콜라보한 옷들은 무난해서 예뻤어요\n물론 저는 돈 없어서 안샀음\n​\n​\n​\n​\n​\n티비에서는 화귀 ost 뮤비 틀어줬고\n반대쪽 벽에는 사원증같은 카드가 붙어있었어요\n저거 뽑는 기계 있었는데 저는 안 뽑았어요\n​\n저번에 괴출 팝업갔을때 사원증 굿즈 뽑았는데..\n어디 쳐박혀있음 ㅠㅠ\n뽑아봤자 그럴것같아서..\n​\nPrevious image\nNext image\n​\n스티커 도장 아크릴스탠드 뱃지 등등..\n여러가지 굿즈가 있었음\n예쁘긴한데….\n사실 요즘 이런 자질구레한 굿즈들 진짜 최대한 안사려고 노력하고 있습니다 .. ㅠㅠㅠㅠㅠ\n​\n​\n​\n피규어가 꽤 잘 나온듯\n이설누나가 넘무 예뿜..\n​\n​\n​\n​\n카메라 이슈로 눈뽕 ㅈㅅ합니다\n그리고 인형들이 뭔 뚝배기에 담겨있음 (귀엽..)\n​\n아니근데 진짜 살 마음이 1도 없었는데\n청명인형 하나 옆에 두면 감시받는 느낌이 날 것 같았음\n결국 제 갈굼 대상으로 구매했습니다\n​\n​\n​\n그리고 또 눈독들인 굿즈 하나\n월병전낭..\n근데 생각보다 크기가 작아가지구 패스~\n​\n​\n​\n​\n결국 구매한 것은 저 두 개 뿐이었답니다\n​\n내부에서 스탬프 찍고 이벤트도 하든데\n너무 번거로워서 안했습니다 우하핫\n​\n​\n​\n🌸아무튼 웹화귀의 복귀를 축하합니다!!🌸\n​\n저는 소설로 500화 정도 읽었는데요\n어우 저는 활자 체질이 아닌가봐요\n재밌긴 한데 도저히 끝까지 못읽겠더라구요..\n​\n웹툰도 끊어가지고..\n더이상 화귀가 어떻게 전개되고 있는지 알 길이 없지만\n그래도 언젠가 한 번 확인 하리라 믿으며..^^\n​\n​\n이미 인기 많지만\n더 번성하길 바라겠습니다\n리코팀도 파이팅^^\n​\n​\n​""}",2026-09-11T04:37:42.647875+00:00
0902cf23-72bd-5727-9107-c37334659d9c,극장 귀멸의 칼날 무한성편 팝업 스토어,팝업스토어,서울특별시 마포구 양화로 188 AK PLAZA 홍대 4층,,,,https://search.naver.com/search.naver?where=nexearch&sm=top_hty&fbm=0&ie=utf8&query=%EA%B7%B9%EC%9E%A5%20%EA%B7%80%EB%A9%B8%EC%9D%98%20%EC%B9%BC%EB%82%A0%20%EB%AC%B4%ED%95%9C%EC%84%B1%ED%8E%B8%20%ED%8C%9D%EC%97%85%20%EC%8A%A4%ED%86%A0%EC%96%B4,,,,[],,2026-07-07,2026-07-12,blog_popup,"{""title"": ""홍대 귀멸의 칼날 무한성편 팝업스토어 리밋션 AK몰 예약 주차 굿즈 ...."", ""link"": ""https://blog.naver.com/lohm/224340528460"", ""description"": ""안녕하세요 여러분~ 오늘은 극장판 귀멸의 칼날 무한성편 팝업스토어가 진행중인 「리밋션 AK PLAZA 홍대」 에 대해 소개해드리려고 합니다 위치: 서울 마포구 양화로 188 AK PLAZA 홍대 4층 영업 시간: 매일 11:00~22... "", ""bloggername"": ""예형의 맛집과 일상 블로그"", ""bloggerlink"": ""https://blog.naver.com/lohm"", ""postdate"": 20260708, ""query"": ""마포구 팝업스토어"", ""content"": ""안녕하세요 여러분~\n오늘은\n극장판 귀멸의 칼날 무한성편 팝업스토어가 진행중인  「리밋션 AK PLAZA 홍대」 에 대해 소개해드리려고 합니다\n리밋션 AK PLAZA 홍대\n서울특별시 마포구 양화로 188 AK PLAZA 홍대 4층\n위치: 서울 마포구 양화로 188 AK PLAZA 홍대 4층\n영업 시간: 매일 11:00~22:00\n주차: 구매 금액당 지원(1만원 이상 1시간, 3만원 이상 2시간, 5만원 이상 3시간)\n​\n​\n​\n​\n애니메이션과 덕질을 사랑하는 분들이라면 방앗간처럼 들르는 AK PLAZA 홍대!\n이번에 역대급으로 기대감을 모으고 있는 <극장판 귀멸의 칼날: 무한성편> 팝업스토어가 오픈했다는 소식을 듣고 방문해보았습니다\n방문 예정이신 분들은 아래 꿀팁들을 꼭 확인하고 가세요!\n📍 위치 & 주차장\n​\n극장판 귀멸의 칼날 무한성편 팝업스토어는 홍대입구역 도보 1분 거리에 위치해있습니다\nAK몰 내에 위치해 있어서 팝업 구경하고 쇼핑, 맛집, 카페까지 한 번에 해결할 수 있는 최고의 데이트/덕질 코스입니다\n​\n차량을 이용하실 분들은 구매 금액별 주차 지원과 요일을 꼭 확인하세요!\n평일과 주말의 주차 요금 차이가 꽤 큰 편이랍니다\n​\n[구매 금액별 무료 주차]\n1만 원 이상 구매 시: 1시간 지원\n3만 원 이상 구매 시: 2시간 지원\n5만 원 이상 구매 시: 3시간 지원\n​\n[기본 주차 요금]\n평일: 최초 30분 2,000원 / 이후 10분당 1,000원\n주말 및 공휴일: 최초 30분 5,000원 / 이후 30분당 5,000원\n⏰ 웨이팅 & 예약 방법\n​\n이번 귀칼 무한성편 팝업은 워낙 인기가 많다 보니 기간별로 입장 방식이 다릅니다\n잘못하면 헛걸음하실 수 있으니 주의하세요!\n​\n[네이버 사전예약 기간 (7/7 ~ 7/12)]\n운영 기간: 2026년 7월 7일(화) ~ 7월 12일(일) (총 6일간)\n티켓 오픈: 2026년 7월 3일(금) 낮 12:00 (정각 오픈!)\n​\n※ 주의사항: 1인당 딱 1매만 예약 가능합니다. 동행이 있다면 각자 본인 명의로 모두 예약하셔야 해요\n★ 필수 지참: 입장 시 신분증 확인이 필수입니다!\n예약자 본인 확인을 위해 신분증(주민등록증, 면해증, 여권, 학생증 등)을 반드시 챙겨가세요~\n​\n[워크인(현장 대기) 및 자율 입장]\n7/8(수) ~ 7/12(일) 기간 동안의 워크인: 사전예약 기간이지만 노쇼(취소분)가 발생하거나 현장 상황에 따라 매장 앞 나우웨이팅 기기에 등록 후 입장이 가능할 수 있습니다 (하지만 안전하게 예약하는 걸 추천!)\n7/13(월) 이후: 이때부터는 별도 예약 없이 현장 자율 입장이 가능하니 예약에 실패하셨다면 13일 이후를 노려보시는 것도 방법입니다\n🌈 내부 분위기\n​\n팝업스토어 내부는 꽤 넓고 굿즈들이 보기 좋게 잘 배치되어 있어서 쾌적하게 둘러보기 좋았습니다\n​\n매장 밖으로는 대기할 수 있는 웨이팅 라인이 쳐져 있는데요\n센스 있게 이 웨이팅 라인을 따라 굿즈 실물들이 전시되어 있더라고요!\n덕분에 기다리는 동안 실물을 미리 구경하면서 찜해둘 수 있어서 지루할 틈이 없었어요~\n​\n게다가 옆쪽에는 <극장판 귀멸의 칼날: 무한성편> 포토존까지 마련되어 있으니 입장 전 인증샷은 필수!\n⚔️ MD LIST 굿즈 총정리 (재고&구매 특전)\n​\n이번 팝업의 메인이라고 할 수 있는 MD 리스트입니다\n​\n랜덤상품\n: 포토카드, 캔뱃지, 아크릴 스틱키링, 미니 아크릴 스탠드, 코스튬&일륜도 키링\n확정상품\n: 콜렉트북, 카드커버 스티커, 엽서세트, 노트, 포스터 컬렉션, 무한성 아크릴 디오라마, VS 아크릴 디오라마, WITH 아크릴 디오라마, 멀티클리너, 장패드, 키캡세트, 레더 맥세이프 카드지갑, 레더 카드지갑\n현장 MD 재고 상황은 매장에 있는 QR코드를 통해 실시간으로 확인할 수 있으니 참고하세요!\n구매특전으로 눈가림 부적 스티커(구매자 전원), 랜덤 무비 티켓(3만원 당)을 증정합니다\n🎁 인스타 이벤트 (장패드 경품)\n​\n현재 인스타그램 공식 계정(@limition_pick)에서 대박 이벤트가 진행 중이니 꼭 참여하시고 경품 받아 가세요!\n​\n\""유시로를 찾아라!\"" 이벤트 참여 방법\n팝업스토어 내에 숨어있는 유시로를 찾습니다\n구매 특전으로 받은 '눈가림 부적 스티커'와 함께 유시로를 촬영해 주세요\n본인 인스타그램에 필수 해시태그와 함께 사진을 업로드!\n필수 해시태그:\n#극장판_귀멸의칼날_무한성편_팝업스토어\n공식 계정 이벤트 게시글 댓글에 '참여 완료' 문구를 남기면 끝!\n​\n★ 이벤트 경품: 귀칼 장패드 (랜덤 1종)\n​\n포스팅 본문 사진 속에도 유시로가 곳곳에 다수 등장하니 방문하셔서 원하는 포인트에서 쏙쏙 찾아 인증해 보시기 바랍니다!\n네이버 예약 시간에 맞춰 드디어 팝업스토어 안으로 입장했습니다!\n내부에는 귀멸의 칼날 외에도 다른 애니메이션 굿즈들이 소소하게 준비되어 있어서 함께 구경하는 재미가 쏠쏠했습니다\n매장이 꽤 넓은 편인데도 동선이 일방향으로 딱 깔끔하게 짜여 있더라고요!\n게다가 직원분들이 곳곳에서 현장 안내와 정리를 정말 친절하고 발 빠르게 잘해주시는 덕분에 인파가 몰리는 주말이나 피크 시간대에도 동선 엉킴 없이 아주 편안하고 쾌적하게 쇼핑을 즐길 수 있었습니다\n이런 대형 팝업은 자칫하면 도떼기시장 같아지기 마련인데 여긴 관리가 진짜 최고였어요!\n그리고 가장 중요한 굿즈 실물!\n제품들을 직접 눈으로 보니 전체적으로 마감이나 프린팅 퀄리티가 기대 이상으로 엄청 좋아서 가격 대비 만족도가 진짜 높겠다 싶었어요~\n저처럼 극장판을 보신 분들이라면 심장이 웅장해질 만한 명장면들이 가득한 아크릴 디오라마는... 보자마자 소장 욕구를 마구마구 자극하더라고요ㅎㅎㅎ\n아! 참고로 많은 팬분들에게 골고루 기회가 돌아갈 수 있도록 상품마다 1인당 구매 제한 개수가 정해져 있어요!\n품절 앤딩을 막기 위한 좋은 시스템인 것 같아요\n다들 바구니에 담으실 때 벽면이나 가판대에 적힌 현장 안내 문구를 꼭 확인하시길 바랄게요~\n특히 이 랜덤 키링이 아주 대박이었는데 랜덤의 묘미를 확실하게 지켜줬어요\n겉면에 종이 포장을 한 번 더 하고 비닐 포장까지 되어 있어서 내부가 전혀 보이지 않는 것은 기본이고\n혹시라도 손으로 만져서 내부 캐릭터를 유추하는 분들이 없도록 직원분들이 옆에서 직접 관리하고 안내해 주시더라고요\n덕분에 100% 공정하고 짜릿한 랜덤의 재미를 그대로 느낄 수 있어서 아주 만족스러웠습니다\n쇼핑을 마치고 계산 전 필수 코스인 구매 인증샷도 야무지게 남겨주었습니다\n저희는 랜덤 코스튬 & 일륜도 키링(12,500원)과 키캡 세트(28,000원)를 구매했어요~\n​\n🤝 원하는 최애가 안 나왔다면? 현장 교환이 남았습니다!\n랜덤 굿즈를 뽑았는데 원하는 최애 캐릭터가 안 나왔다고 해서 실망하고 바로 집에 가시면 안 됩니다\n팝업스토어 바로 앞쪽에 의자들이 마련되어 있는데 이곳이 바로 팬들 사이의 실시간 굿즈 교환의 장이더라고요\n시간 여유가 있으신 분들은 오픈한 굿즈를 들고 팝업 앞에서 다른 팬분들과 훈훈하게 교환 거래를 해보시는 것도 좋은 방법입니다\n​\n​\n🐾 총평\n​\n이번 <극장판 귀멸의 칼날: 무한성편> 팝업스토어는 쾌적한 일방향 동선과 직원분들의 친절하고 체계적인 관리 덕분에 스트레스 없이 쇼핑할 수 있었던 대만족 팝업이었습니다\n굿즈 퀄리티도 기대 이상으로 훌륭하고 랜덤 상품 관리도 철저해서 뽑는 맛이 제대로 살아있어요\n구매 특전과 인스타 이벤트까지 짱짱하게 준비되어 있으니 홍대 AK몰 필수 코스로 무조건 추천드립니다!\n​\n근처 고양이가 반겨주는 홍대술집 홍담도 추천드립니다\n그럼 다음에도 유용한 리뷰로 돌아오겠습니다\n감사합니다~!\n​\n[홍대술집] 고양이가 있는 특별한 홍대입구술집 홍담\n업체로부터 소정의 음식을 협찬받았지만, 실제 방문 후 주관적 내용의 후기입니다. 안녕하세요 여러분! 오...\nblog.naver.com\n내돈내산 인증\n방문\n리밋션 AK PLAZA 홍대\n서울특별시 마포구 동교동 190-1\n더보기\n<극장판 귀멸의 칼날: 무한성편> 팝업스토어 사전 예약\n2026.07.\n예약\n#귀멸의칼날무한성편팝업스토어\n#귀멸의칼날팝업스토어\n#홍대귀칼팝업\n#귀칼팝업스토어리밋션\n#홍대AK플라자귀칼\n#AKPLAZA홍대\n#홍대AK몰팝업\n#귀멸의칼날무한성편굿즈\n​\n​""}",2026-09-11T04:37:44.589921+00:00
caea2743-18a1-5049-95d0-5ac3608d47b3,홍대귀멸의칼날팝업,팝업스토어,"서울 마포구 양화로 188 (동교동, 애경타워)",,,,https://search.naver.com/search.naver?where=nexearch&sm=top_hty&fbm=0&ie=utf8&query=%ED%99%8D%EB%8C%80%EA%B7%80%EB%A9%B8%EC%9D%98%EC%B9%BC%EB%82%A0%ED%8C%9D%EC%97%85,,,,[],,2026-07-07,2026-07-20,blog_popup,"{""title"": ""홍대팝업[귀멸의칼날팝업스토어] 홍대AK플라자 사전예약 입장방법 M...."", ""link"": ""https://blog.naver.com/nahobeya/224339828722"", ""description"": ""안녕하세호요 오늘 소개해드릴 곳은, #홍대귀멸의칼날팝업 #홍대귀칼팝업스토어... 칼날:무한성편 팝업' 입니다. 귀멸의 칼날 팝업 @홍대 서울 마포구 양화로 188 (동교동, 애경타워) AK PLAZA 홍대 4층 LIMITION... "", ""bloggername"": ""죠마카세"", ""bloggerlink"": ""https://blog.naver.com/nahobeya"", ""postdate"": 20260708, ""query"": ""마포구 팝업스토어"", ""content"": ""안녕하세호요 오늘 소개해드릴 곳은,\n​\n#홍대귀멸의칼날팝업 #홍대귀칼팝업스토어\n#귀멸의칼날무한성편팝업 #홍대귀멸의칼날\n​\n내돈내산 솔직후기임을 알려드립니다\n홍대 '\n귀멸의 칼날:무한성편 팝업\n' 입니다.\n📍귀멸의 칼날 팝업 @홍대\n서울 마포구 양화로 188 (동교동, 애경타워)\nAK PLAZA 홍대 4층 LIMITION\n(홍대입구역 5번 출구에서 12m)\n​\n✨팝업 기간\n26.07.07.(화)~08.02.(일)\n월화수목금\n11:00-22:00\n토일\n10:30-22:00\nsmgstore_kr Official: Instagram, X | Linktree\n에스엠지홀딩스(주)의 하이퀄리티 굿즈 브랜드 공식 계정입니다.\nlinktr.ee\n귀멸의 칼날 팝업 @홍대\n서울특별시 마포구 양화로 188 (동교동, 애경타워) AK PLAZA 홍대 4층 LIMITION\n귀멸의 칼날에 푹 빠져🗡️ 얼마 전 성수에 이어\n작년부터 서울에서 열리는 전시 팝업은 전부 찾아 다녀왔었는데요\n경쟁이 심했던 첫날! 티켓팅 성공으로 다녀온 홍대 현장 가보시죠! :)\n​\n​\n외관\n홍대 AK플라자 4층 LIMITION\n홍대입구역에서 접근성도 좋고\n홍대\n에서\n팝업하면 워낙 유명한 AK플라자\n입니다\n​\n바로 옆에서는 진격거 전시회가 운영중이죠?\n운명같이 만난 거인의 뒷태\n요즘 전시 팝업 볼 게 정말 많습니다\n🫪\n(🪽\n진격거 당연히 가지만 11/1까지라 저는 조금 선선해지고 갑니다\n)\n​\n​\n사전 예약 운영 기간\n• 26.07.07(화) - 26.07.12(일)\n✅7.7(화) 첫날은 워크인 입장❌\n✅7.8(수)-7.12(일) 노쇼 발생시 워크인 입장⭕️\nPrevious image\nNext image\n<극장판 귀멸의 칼날: 무한성편> 팝업스토어\n* 사전 예약 운영 기간: 2026.07.07(화) - 2026.07.12(일)\n* 사전\n예약 기간 첫 날 - 26.07.07(화)은 워크인 입장 불가\n* 26.\n07.08(수) - 07.12(일) 기간 동안\n노쇼 발생 시 현장 워크인 입장 가능\n합니다.\n* 워크인 이용을 원하실 경우, 매장 앞에서 워크인 전용 나우웨이팅 등록 후 대기 부탁드립니다.\n* 나우웨이팅 등록은 조기 마감될 수 있습니다.\n​\n​\n사전 예약 오픈\n• 26.07.03(금) 12:00(정오)\n✅예약 기간 내에는 1인당 1매 예약만 가능\nPrevious image\nNext image\n11시30분부터 각잡고 있다,\n40분정도부터 서버 들어가 대기\n🔄\n새로고침 하면서\n정확히 12시 정시 입장\n했는데도\n누르는 회차마다 쭉쭉쭉 예약마감😰\n와.. 진짜 빡쎄다..\n하다\n어렵게 4:00 성공!\n​\n유독 첫날 경쟁이 심해\n, 정말 손에 땀을 쥐며\n어렵게 성공한 티켓팅이였습니다🎫😂\n​\n작년, 강남 신세계 귀칼 팝업에서\n앞날 거진 다 품절이 되어\n멀리까지 찾아가\n살 수 있던게 없어\n...\n모든 팝업\nMD 조기품절 이슈\n로\n저 포함\n다들 이를 악물고 무조건 첫날 오전만 노려\n4시 오후 시간 때라 가기 전까진 조금 불안\n했습니다😶‍🌫️\n​\n​\n내부\n- 아담한 팝업 스토어 규모\n귀멸의 칼날:무한성편 팝업\n개인적으로 좋아하는 편이라 더 기대가 컸습니다\n✨\n성수 전집중전 MD가 밤티\n였죠?\n홍대 귀칼 팝업이 열릴 예정이라는 소식을 조금 빠르게 들어\n저는 성수/홍대 2곳 모두 갈 계획\n이였어요\n​\n4시 입장 티켓인데,\n여유있게 3시10분쯤 도착해\n등신대 및 팝업 현장 촬영\n했습니다⌚️📸\n​\n​\n예약타임별 10분전 줄서기 가능\n팝업 이용시간 30분\n👍🏻깔끔하고 매끄러운 현장진행 만점\n👍🏻현장관리자분들 운영 최고\nPrevious image\nNext image\n첫날 3시30분 예약팀 줄\n📌전회차 30분 간격 예약인데,\n내\n예약 10분전 부터\n저 검정 줄 라인에 설 수 있고\n애초에 모든 회차 예약 인원을 무리하게 받지 않아\n아주 쾌적하게 대기하며 입장 가능합니다.\n현장 관리자 분들이, 5~7분정도 계셨던거 같은데\n성수랑 차원이 다른\n깔끔한 운영과 매끄러운 진행력\n👍🏻👍🏻\n홍대 귀멸의 칼날 팝업 스토어\n현장 가보시면 정말 너무 잘 운영되어 운영자분께 박수\n👏🏻\n​\n​\nMD리스트 구매특전\n👍🏻성수 전집중전보다 예쁜 디자인 보유\n특전1)\n구매자 전원\n눈가림 부적 스티커\n1종 1회 증정\n​\n특전2)\n3만원 당\n랜덤 무비 티켓\n랜덤 12종 중 1종 증정\n​\n*특전은 조기 소진 될 수 있으며, 소진시 증정 이벤트는 종료*\n*특전은 랜덤 증정되며, 선택 및 교환 불가*\n*구매 당일 영수증 금액 따라 증정, 영수증 합산 불가*\n​\n수원이랑 동시 진행 팝업인데,\n수원 귀멸의칼날 팝업에서는 실물 전시가 없다고 듣긴 했습니다\n​\nSNS에 MD 리스트 뜨자마자\n제 구매 리스트 중📝 첫번째로\n장패드 '혈귀 버젼' 원픽!\n✨MD 모두 실물이 압승✨\n​\nPrevious image\nNext image\n*사진 눌러서 보시면 선명합니다*\n당연히\n작년 강남 신세계 팝업 보다는,\n규모 자체가 작기 때문에 적었고\n〰️\n성수 귀칼:\n전집중전에 비교하면 말이 필요 없는,\n디자인. 소장가치. 퀄리티. 종류. 만족도\n🆙\n*\n무엇보다 전집중전에 없던 상현들이 있어 좋습니다\n(상현 최애 코쿠시보👍🏻)\n​\n​\n7/7 첫날 4:00 티켓\n- 3시50분부터 줄서기 가능(10분전)\n- 이용시간 4시30분까지(30분)\n여유롭게 4시타임 첫 순서로 줄섰고\n3시30분\n사전 예약자들\n이용하는 모습이 보이는데\n아주 현명하게 타임별 인원 자체를 많이 받지 않아\n전회차 이정도 명 수라 쾌적하게 구경/구매 가능 합니다\n*\n이용시간\n30분 전혀 부족하지 않고 아주 널널해요\n*\n🔻\n직원분들이 ➡️10.15분전부터 티켓.\n신분증\n확인 후\n➡️바구니 나눠줌 ➡️예약시간\n정시 칼입장\n(오늘은 사전예약자만 입장 가능한데 모르고 줄 섰다\n돌아간 외국인.한국 분들 정말 많으셨어요)\n​\n신분증 티켓확인 바구니 나눠주실 동안!\n🌟\n너무 좋았던 건, 앞타임 예약자들이 이렇게 전부 빠지면\n현장 직원분들께서\nMD상품을 확인 후\n바로바로 다시 깔끔하게 정리, 채워\n주십니다👍🏻\n👍🏻\n(4시타임이라 불안했는데 ✨수량 충분하다고 얘기 주셨어요)\n​\n​\n정시 입장 이용\n✅구매수량제한 상품마다 적혀있음\n👍🏻MD 수량 넉넉히 준비해 놓으셨대요\nPrevious image\nNext image\n🔻장패드 주/혈귀 2종 25.-\n개취로 상현들도 매력이 넘치고 장패드 퀄리티 좋습니다\n먼저 이번 팝업에서 제 원픽, 혈귀버젼 장패드 획득🦍\n​\n정각 4시에 칼 같이 입장하고\n타임별 수용 인원 자체가 적어\n대기하느라 힘들고 그런게 전혀 없었습니다\n​\n🔻키캡 세트 8개 1set 28.-\n실물이 더 예뻤고 두번째 픽이였던 키캡도 획득🦦\n​\n주와 멸로 이루어진 키캡이고\n시중에 누르면 또각또각 소리 나는 키캡 아니라\n찐 키보드 자판용 키캡\n입니다.\n​\n귀멸의칼날 홍대 팝업\nMD 리스트 발표 되자마자\n난리가 났던, 만인의 1위 원픽 상품 키캡🥇⌨️\n​\nPrevious image\nNext image\n몇가지 상품 제외,\n랜덤이 많타는 부분\n은 조금 아쉬웠지만\n랜덤깡 퀄리티가 좋아 많이들 구매하세요🤓\n​\n상현들과 머리 풀은 텐겐이 나오길 바래\n성수와 똑같이 1팩에2set 랜덤카드만 1개 재미로 구매\n해봤는데,\n랜덤카드만큼은 성수가 더 종이부터 두껍고 퀄이 좋았\n습니다!\n​\nPrevious image\nNext image\n🔻\n아크릴 디오라마/랜덤 미니 아크릴 10.-부터 32.-까지\n눈물나는 하쿠지의 순애보가 담긴 아크릴도 있고💫\n아크릴 디오라마들 부터\n랜덤 미니 아크릴 스탠드까지 귀엽고 멋있죠?\n​\n1년전쯤 전 기수 인원이 다 나오는 대형 조명 디오라마를\n큰 맘 먹고 구매해 따로 구매하진 않았습니다\n​\n🔻포스터 컬렉션 4장 1set 20.-\n가성비와 퀄리티 모두 좋아 많이들 구매하세요🤩\n작년에 무한성 포스터를 액자에 전시해놔서 저는 패스했어요\n​\n실물 보여드리려 찍은\n인기있던 3가지 MD입니다.\n일륜도와 스틱키링 실물이 진짜 미쳤는데\n랜덤이라 아쉬웠지만\n랜덤깡 하시고 앞에 앉아 서로들 많이 바꾸시기도 하세요!\n​\n​\n결제\n👍🏻회전 속도 빠른편\n👍🏻포스기 간격두고 직원 세분이 결제\n🧾구매내역\n✔️구매특전 2가지 모두 받음\n- 쇼핑백 리밋션(대) 200원\n- 귀칼 장패드 혈귀 25.000원\n- 귀칼 랜덤 포토카드 4.000원\n- 귀칼 키캡 세트주 7종+멸 1종 28.000원\n총 57.200원\n​\n랜덤 카드는 폭망했지만😬\n3만원 이상 구매 🎉\n랜덤 특전으로 사네미가 찾아와 행보쿠\n(특전 자체에, 텐겐 네즈코 상현 캐릭은 없어 사네미가 원픽이였어요)\n​\n​\n이벤트\n이벤트 기간 26.07.07(화)~07.20(월)\n팝업 스토어 곳곳에\n유시로를 찾아 참여하는\n이벤트도 진행 중이니 재미삼아 한번 해보세요 🔎\n✨경품: 장패드 2종 중 랜덤 1종 (추첨3인)\n​\n​\n💬 솔직 총평과 한줄 후기\n팝업\n현장 진행 자체가 굉장히 깔끔하고 매끄럽\n다.\n정리 정돈 잘되고 차분한 실속형 팝업\n느낌 아주 나이스\n여러 팝업 스토어에서 많이들 데여\n걱정하는 MD물량\n굉장히 넉넉하게 준비\n해 주셨고\n홍대 귀칼 팝업 추천!\nPrevious image\nNext image\n초대형 팝업 전시가 아닌 이상\n다양한 볼거리는 아니지만\n소형 규모 팝업임에도 충분히 구색은 갖춘 팝업\nMD 구매 목적으로 방문 Go❗️\n​\n최애 텐겐 네즈코 비율은 없었지만,\n사네미와 상현들을 보고 간 팝업이기에 만족스러웠습니다 :)\n​\n✍🏻\n\""무엇보다 팝업현장이 군더더기 없이 매끄러운 진행으로\n팝업 운영방식에 만점! 넉넉한 MD수량에 만점!\n홍대 가실 일 있으면, 뒤로는 예약 없이도 이용 가능하니 귀멸의 칼날:무한성편 팝업스토어 추천드립니다.\""\n서이추 환영⛧\n​\n​""}",2026-09-11T04:37:44.894094+00:00
a2b78f37-8aea-5258-90b2-6dfe542dd28f,6 주 팝업 스토어,팝업스토어,서울특별시 마포구 월드컵북로9길 23 3층,,,,https://search.naver.com/search.naver?where=nexearch&sm=top_hty&fbm=0&ie=utf8&query=6%20%EC%A3%BC%20%ED%8C%9D%EC%97%85%20%EC%8A%A4%ED%86%A0%EC%96%B4,,,,[],,2026-06-23,2026-06-29,blog_popup,"{""title"": ""6월 4주차 홍대. 연남동. 연희동. 합정 팝업스토어 및 세일 행사 정보"", ""link"": ""https://blog.naver.com/qkehdehd17/224328775046"", ""description"": ""신촌 등에서 진행되고 있는 서대문구 팝업스토어 및 세일 행사 알아 보로 가시죠 마포구. 서대문구 팝업스토어 1. 뮤즈뮤지엄 2. 미스테페넘 3. 초조 4. 에버닌스테어스 5. 디스커스애슬레틱 6.... "", ""bloggername"": ""승하이의 fashion"", ""bloggerlink"": ""https://blog.naver.com/qkehdehd17"", ""postdate"": 20260627, ""query"": ""마포구 팝업스토어"", ""content"": ""​\n안녕하세요 승하이입니다👋\n오늘은 마포구와 서대문구에서 진행되고 있는 6월 넷째 주 팝업스토어 및 세일 행사 정보를 소개해 드리려고 합니다!\n​\n마포구에서는 홍대. 합정. 연남동. 망원 쪽에서 팝업스토어 소식이 있고 서대문구에서는 연희동과 신촌에서 진행되고 있는 팝업스토어 소식이 준비되어 있는데요😆\n​\n주말에 마포구나 서대문구 갈일 있다면 팝업스토어 및 세일 행사 정보 참고해서 한번 같이 들러보는 것도 좋을 것 같네요!\n​\n그럼 바로 6월 넷째 주 홍대. 합정. 연남동. 망원 등에서 진행되는 마포구 팝업과 연희동. 신촌 등에서 진행되고 있는 서대문구 팝업스토어 및 세일 행사 알아 보로 가시죠👇👇👇\n마포구. 서대문구 팝업스토어\n1. 뮤즈뮤지엄\n2. 미스테페넘\n3. 초조\n4. 에버닌스테어스\n5. 디스커스애슬레틱\n6. 크래커하우스\n7. 라이프프랙티스프로젝트\n8. 로레카\n뮤즈뮤지엄\n안녕하세요, 뮤즈뮤지엄입니다. 6월 24일 QUIET DESIRE 컬렉션 발매와 함께 6월 27일 망원에서 팝업 스토어를 진행합니다.\n​\n이번 팝업은 포토 스튜디오 타이도와의 협업으로 이루어지며, 다양한 셀러들과 함께 특별한 공간을 선보일 예정입니다. 특히 뮤즈뮤지엄 구매 고객분들께는 이번 팝업에서만 만나볼 수 있는\n뮤즈뮤지엄의 포토카드 촬영해 가져가실 수 있습니다.\n출처 - 뮤즈뮤지엄\n​\n📌\n#뮤즈뮤지엄\n팝업스토어 정보\n​\n일정 - 26.06.27(토)\n시간 - 13:00 ~ 19:00\n위치 - 마포구 월드컵북로 9길 23 3층\n타이도\n서울특별시 마포구 월드컵북로9길 23 3층\n​\n📍팝업 이벤트\n1️⃣ QUIET DESIRE 컬렉션 공개\n​\n2️⃣ 팝업스토어 익스클루시브 제품 공개\n​\n미스테페넘\nSpotlight POP-UP NOTICE\nMYSTEPENM의 스포트라이트 팝업 스토어가 하이츠 스토어 서교점에서 진행됩니다. VOL. 4.5 Vacation Unit' 컬렉션을 현장에서 직접 만나보실 수 있습니다.\n출처 - 미스테페넘\n​\n📌\n#미스테페넘\n팝업스토어 정보\n​\n일정 - 26.06.23(화) ~ 26.06.29(월)\n시간 - 12:00 ~ 21:00\n위치 - 마포구 양화로 12길 16-8 1층\n하이츠스토어\n서울특별시 마포구 양화로12길 16-8 1층, 하이츠스토어\n​\n📍팝업 이벤트\n1️⃣ 전 상품 10% 할인 혜택\n​\n2️⃣ 아카이브 상품 최대 40%까지 할인 혜택\n​\n3️⃣ 현장 구매 고객에 한해 최대 30,000원 할인 가능한 12% 쿠폰 적용이 가능하오니 많은 관심 부탁드립니다.\n​\n초조\n안녕하세요, CHOJOE입니다. 6/25(목)부터 6/27(토)까지 총 3일간 하바티 서울점 2층에서 CHOJ0E의 팝업 스토어가 진행됩니다.\n출처 - 초조\n​\n📌\n#초조\n팝업스토어 정보\n​\n일정 - 26.06.25(목) ~ 26.06.27(일)\n시간 - 목. 금 | 13:00 ~ 21:00\n- 토 | 12:00 ~ 21:00\n위치 - 마포구 동교로 209-4 하바티\n하바티\n서울특별시 마포구 동교로 209-4 1,2 층\n​\n📍팝업 이벤트\n1️⃣ 팝업에서는 HISHI SASHIKO SHIRT, FLOWER SASHIKO SHIRT를 비롯해 기존 코듀로이 셋업 위에 사시코 작업을 더한 SASHIKO CORDUROY DOUBLE JACKET과 SASHIKO CORDUROY PANTS를 한정 수량으로 만나보실 수 있습니다.\n​\n2️⃣ 팝업 기간 동안만 만나보실 수 있는 할인 프로모션과 방문해 주시는 분들을 위한 작은 선물도 함께 준비했습니다.\n​\n3️⃣ 팝업을 기념하여 인스타그램 리그램 이벤트가 @chojoe_seoul, @havati.shop 두 계정에서 진행 중이니 많은 관심과 참여 부탁드립니다.\n​\n에버닌스테어스\n옷을 사기 위해서가 아니라, 재밌는 일을 찾기 위해\n들러도 좋은 며칠을 준비했습니다. 에버닌 스테어스는 늘 좋은 브랜드를 소개하는 공간이 되고자 했지만, 이번에는 조금 다른 방식으로 고객분들을 만나보고자 합니다. 매장 곳곳에 숨겨진 쇼핑 지원금을 찾고, 딱지치기로 할인 혜택에 도전하고, 평소 쉽게 만나기 어려웠던 아카이브와 B-GRADE 제품들을 특별한 가격으로 만나볼 수 있습니다.\n​\n누군가는 쇼핑 지원금을 찾기 위해, 누군가는 딱지치기를 하기 위해, 누군가는 좋은 옷을 발견하기 위해, 또 누군가는 나만의 티셔츠를 커스텀 하기 위해. 어떤 이유든 좋습니다. 이번 주 에버닌 스테어스에서만 경험할 수 있는 작은 여름 축제를 만나보세요.\n출처 - 에버닌스테어스\n​\n📌\n#에버닌스테어스\n여름 이벤트 정보\n​\n일정 - 26.06.26(금) ~ 26.07.01(수)\n시간 - 월 ~ 금 | 13:00 ~ 20:00\n- 토 ~ 일 | 12:00 ~ 20:00\n위치 - 마포구 양화로 10길 53 에버닌스테어스\n에버닌스테어스\n서울특별시 마포구 양화로10길 53 1층\n​\n📍여름 이벤트\n1️⃣ TREASURE HUNT EVENT\n: 매장 곳곳에 숨겨진 쇼핑 지원금 찾기\n​\n- 10만 원 쇼핑 지원금 1장\n- 5만 원 쇼핑 지원금 2장\n- 1만 원 쇼핑 지원금 5장\n- 토요일 하루 한정 20만 원 쇼핑 지원금 추가 운영\n​\n2️⃣ DDAKJI CHALLENGE\n: 방문 고객 누구나 참여 가능\n​\n- 1승 : 5% OFF\n- 2승 : 10% OFF\n- 3승 : 15% OFF\n- 1승 이상 달성 시 CUSTOM T-SHIRT EVENT 참여 가능\n(프로모션 적용 제품 제외)\n​\n3️⃣ B-GRADE MARKET\n: 아카이브 및 B-GRADE 제품 특별 판매 행사 기간 한정 운영\n​\n4️⃣ CUSTOM T-SHIRT EVENT\n: 구매 고객 대상 진행\n​\n- 무지 티셔츠 + 패브릭 펜 제공\n- 직접 커스텀 후 소장 가능\n- 한정 수량 운영\n​\n디스커스애슬레틱\nDISCUSS ATHLETIC X PENTAPORT\n대한민국 대표 음악 축제, <인천 펜타포트 락 페스티벌 2026>의 공식 굿즈 메이커!\n​\n디스커스 애슬레틱이 제안하는 1차 MD 컬렉션 곧 시작될 펜타포트의 뜨거운 열기를 일상 속에서 먼저 입고 느껴보세요. 디스커스 애슬레틱의 감성으로 재해석한 공식 굿즈는 지금 바로 무신사 온. 오프라인에서 만나보실 수 있습니다.\n출처 - 디스커스애슬레틱\n​\n📌\n#디스커스애슬레틱\n×\n#펜타포트\n팝업스토어 정보\n​\n일정 - 26.06.23(화) ~ 26.06.30(화)\n시간 - 11:00 ~ 23:00\n위치 - 마포구 양화로 164 무신사 스토어 홍대\n무신사 스토어 홍대\n서울특별시 마포구 양화로 164 무신사 스토어 홍대\n​\n📍팝업 이벤트\n1️⃣ 현장 구매 시 전 상품 15% 할인\n​\n크래커하우스\nNever grow out of my jam!\n철들지 않는 취향이라는 크래커 하우스만의 슬로건을 담은 전시 팝업스토어가 진행됩니다.\n출처 - 크래커하우스 & 하이츠 스토어\n​\n📌\n#크래커하우스\n전시 팝업스토어 정보\n​\n일정 - 26.06.27(토) ~ 26.06.28(일)\n시간 - 12:00 ~ 21:00\n위치 - 마포구 양화로 12길 16-8 1층 하이츠 스토어\n하이츠스토어\n서울특별시 마포구 양화로12길 16-8 1층, 하이츠스토어\n​\n이번 팝업 전시를 위해 새롭게 작업한 6점의 신작 회화를 최초로 공개합니다. 오직 현장에서만 마주할 수 있는 작품의 깊이와 함께 하이츠와 크래커 하우스의 익스클루시브 캡, 키 링 등 특별한 굿즈까지 함께 만나보세요.\n​\n라이프프랙티스프로젝트\nsà-baai market : 만 원의 행복\n​\n태국에서 자주 쓰이는 단어 사바이(sa-baai)는 '편안하다, 느긋하다, 걱정 없어, 괜찮아'라는 의미를 담고 있습니다. 태국인 삶을 가장 잘 표한한 단어 중 하나이지 않나 싶습니다. 작은 스크래치가 있어도 괜찮아, 먼지가 쌓여 있어도 문제없어, 실밥이 풀려있어도 쓸만해. 완벽하진 않아도, 지금 이대로도 충분히 '사바이'한 것들\n​\n사바이한 마음으로 쓱 들려주세요. 감사합니다.\n출처 - 라이프프랙티스프로젝트\n​\n📌\n#라이프프랙티스프로젝트\n팝업스토어 정보\n​\n일정 - 26.06.27(토) ~ 26.06.28(일)\n시간 - 13:00 ~ 19:00\n위치 - 서대문구 연희동 630 2층\n라이프프랙티스프로젝트\n서울특별시 서대문구 홍제천로6길 33 2층 라이프프랙티스프로젝트\n​\n📍팝업 이벤트\n1️⃣ 샘플 / B급 상품 전부 10.000원\n: 이번 팝업에서는 LPP의 샘플 상품과 B급 상품들을 전부 10,000원으로 만나보실 수 있습니다.\n​\n2️⃣ 오프라인 매장에서만 진행하는 행사입니다.\n​\n3️⃣ 할인 폭이 큰 행사로 교환 및 환불이 불가합니다.\n​\n로레카\nROREKA의 팝업스토어가 곧 시작됩니다. 올해 처음 여러분과 직접 만나게 되는 만큼 다양한 이벤트와 특별한 혜택들을 준비했어요. 가장 먼저 만나보는 신상품과 품절되었던 제품들의 리퍼브 할인, 재입고 제품들까지 오프라인에서 만나보세요!\n​\n조금 더 편안한 쇼핑과 안전한 공간 운영을 위해\n현장 상황에 따라 OR 웨이팅 후 순차적으로 입장이 진행될 수 있습니다. 다양한 브랜드가 함께하는 행사이다 보니 공간이 다소 협소한 점 미리 양해 부탁드립니다.\n이번 주 목요일부터, 우리 신촌에서 만나요.\n출처 - 로레카\n​\n📌\n#로레카\n팝업스토어 정보\n​\n일정 - 26.06.25(목) ~ 26.07.01(수)\n시간 - 10:30 ~ 22:00\n위치 - 서대문구 연희로 13 현대백화점 신촌점 유플렉스 1층\n현대백화점 신촌점 유플렉스\n서울특별시 서대문구 연세로 13 현대백화점신촌점유플렉스\n​\n📍팝업 이벤트\n1️⃣ 신상품 선공개\n​\n2️⃣ 전 품목 5% 할인\n​\n3️⃣ 일부 제품 10% 할인\n​\n4️⃣ 리퍼브 제품 최대 50% 할인\n(매일 업데이트)\n​\n5️⃣ 구매 금액별 사은품 증정\n- 7만 원 /10만 원 / 20만 원 이상 구매 시 Time Match Event 진행 가능\n​\n- 성공 시 선택하신 전 제품 무료 증정\n​\n6️⃣ 방문 후기 이벤트\n: 최대 15,000원 적립금 지급\n이렇게 6월 넷째 주 홍대. 합정. 연남동. 망원 등의 마포구 팝업스토어와 연희동. 신촌 등의 서대문구 팝업스토어 소식을 전달드렸는데요!\n​\n이번 주 마포구 쪽에서 진행되는 팝업들이 좀 있었고 서대문구 같은 경우 신촌에 하나 연희동에 하나가 있어 일정과 위치 잘 확인해서 한번 방문해 보는 것도 괜찮을듯하네요🤩\n​\n그럼 저는 이만 포스팅을 마치겠습니다👋👋👋""}",2026-09-11T04:37:46.831445+00:00
9a61baed-a665-5e16-85cf-56e24ed82b28,이토 준지 컬렉션 팝업,팝업스토어,서울특별시 마포구 양화로 144 B1-2F,,,,https://search.naver.com/search.naver?where=nexearch&sm=top_hty&fbm=0&ie=utf8&query=%EC%9D%B4%ED%86%A0%20%EC%A4%80%EC%A7%80%20%EC%BB%AC%EB%A0%89%EC%85%98%20%ED%8C%9D%EC%97%85,,,,[],,2026-06-12,2026-06-26,blog_popup,"{""title"": ""홍대 팝업스토어 무신사 x 이토 준지 컬렉션 팝업 솔직 후기"", ""link"": ""https://blog.naver.com/jiwoonk/224320764742"", ""description"": ""주소 &amp; 정보 주소 : 서울특별시 마포구 양화로 144 B1-2F 영업시간 : 매일 (11:00-23:00)  기간 : 2026.06.12... 일본만화 #팝업스토어 #홍대실내데이트 #덕후투어 #이토준지굿즈 #무신사스탠다드 #홍대핫플... "", ""bloggername"": ""내 인생이 귀여우면 좋겠어"", ""bloggerlink"": ""https://blog.naver.com/jiwoonk"", ""postdate"": 20260619, ""query"": ""마포구 팝업스토어"", ""content"": ""안녕하세요.\n오늘은 무신사 × 이토 준지 컬렉션 팝업이\n진행 중인 무신사 스탠다드 홍대점에 다녀왔어요!\n📍주소 & 정보\n​\n주소 : 서울특별시 마포구 양화로 144 B1-2F\n​\n영업시간 : 매일 (11:00-23:00)\n​\n📅 기간 : 2026.06.12 ~ 2026.06.26\n팝업에서 구매를 못 하셨더라도 너무 아쉬워하지 마세요! 온라인에서도 구매가 가능하더라고요. 제가 확인했을 때는 팝업과 온라인 가격 차이가 거의 없었어요.\n​\n티셔츠는 10원 차이 수준…ㅋㅋㅋㅋ\n이 정도면 그냥 편한 곳에서 구매하시면 될 것 같아요.\n토미에의 서늘한 세계를 만난 무신사 스탠다드\n무신사 스탠다드가 이토 준지의 오리지널 포스터를 바탕으로 티셔츠와 우산, 배지, 파우치 키링 등 서늘한 컬렉션을 선보인다\nwww.musinsa.com\n​\n홍대에 무신사 매장이 여러 곳이라 헷갈릴 수 있는데,\n무신사 스탠다드 홍대점으로 가셔야 팝업을 만나볼 수 있습니다!\n​\n무신사 스탠다드 홍대점\n서울특별시 마포구 양화로 144 B1-2F\n마침 무진장세일 기간이라 사람이 정말 많더라고요.\n그래도 계단을 따라 올라가면\n바로 이토 준지 컬렉션이 펼쳐집니다!\n간판부터 이미 덕후 심장 저격…\n진짜 보는 순간 “악!!!!” 소리가 절로 나왔어요.\nTomie 티셔츠 1[블랙]\n₩26900->온라인(₩26910)\n토미에 티셔츠는 진짜 한참 고민했어요.\n​\n너무 예쁜데 막상 저랑 잘 어울릴 것 같지는 않고…\n그렇다고 포기하기엔 또 너무 예쁘고…\n​\n한참을 들었다 놨다 반복했습니다.ㅋㅋㅋ\nTomie 티셔츠 2 [화이트]\n₩26900->온라인(₩26910)\n​\n그래도 개인적으로는 토미에는 역시 블랙이 진리인 것 같아요. 화이트도 예쁘긴 한데 뭔가 토미에 특유의 분위기가 덜 살아나는 느낌!\n​\nLove Sickness 티셔츠 [화이트]\n₩26900->온라인(₩26910)\n​\n이번 이토 준지 컬렉션은 전체적으로 화이트 제품보다 블랙 제품이 훨씬 매력적으로 보였어요.\nMysterious Tunnel 티셔츠 [블랙]\n₩26900->온라인(₩26910)\n​\n뭔가 애매해서 패스!\nVoice In The Dark 티셔츠 [블랙]\n₩26900->온라인(₩26910)\n​\n아 이거즤 !!!! ㅠㅠㅠㅠㅠㅠㅠ\n일러스트레이션 배지 9종 세트\n₩13900->->온라인 (₩12510)\n캔뱃지  장바구늬에 담아야즤!!\nTomie 파우치 키링\n₩26910\n만원대면 사야지! 하고 가격 보고 조용히 내려놨습니다.ㅋㅋㅋㅋ\n​\n온라인 기준으로 약 26,910원이더라고요.\n​\n제 기준에는 그 돈이면\n차라리 티셔츠 한 장 더 산다!였습니다.\n사실 토미에도 너무 예쁘긴 한데,\n워낙 인기가 많다 보니 저는 오히려 덜 끌리더라고요.\n​\n그래서 결국 제 눈길을 사로잡은 건 역시…\n​\n이토 준지 특유의 기괴함이 제대로 살아있는 디자인!\n​\n주변에서는 입고 다니면 무섭다고 하는데…\n​\n아니 그게 바로 좋은 거 아닌가요?\n​\n예쁘기만 한 옷보다 한 번쯤 뒤돌아보게 만드는\n옷이 더 이토 준지답다고 생각합니다.ㅋㅋㅋ\n​\n캔뱃지는 바로 달아야즤!\n​\n좋아하시는 분들이라면\n6월 26일까지 꼭 한 번 들러보세요!\n.\n.\n#홍대팝업\n#이토준지\n#무신사스탠다드홍대점\n#무신사팝업\n#이토준지컬렉션\n#토미에\n#홍대가볼만한곳\n#홍대놀거리\n#홍대데이트\n#홍대쇼핑\n#무신사\n#공포만화\n#일본만화\n#팝업스토어\n#홍대실내데이트\n#덕후투어\n#이토준지굿즈\n#무신사스탠다드\n#홍대핫플\n#서울팝업스토어""}",2026-09-11T04:37:49.085458+00:00
a3c2381d-a9d5-548e-8658-a9e7711ba7e9,삼성스토어 홍대,팝업스토어,서울특별시 마포구 동교동 156-4,서울특별시 마포구 양화로 171,37.5574752,126.9240434,https://search.naver.com/search.naver?where=nexearch&sm=top_hty&fbm=0&ie=utf8&query=%EC%82%BC%EC%84%B1%EC%8A%A4%ED%86%A0%EC%96%B4%20%ED%99%8D%EB%8C%80,,,,[],,2026-06-02,2026-06-17,blog_popup,"{""title"": ""<b>삼성스토어 홍대</b>"", ""link"": ""http://www.samsungsales.co.kr/main/main.sesc"", ""category"": ""쇼핑,유통>종합가전"", ""description"": """", ""telephone"": """", ""address"": ""서울특별시 마포구 동교동 156-4"", ""roadAddress"": ""서울특별시 마포구 양화로 171"", ""mapx"": ""1269240434"", ""mapy"": ""375574752""}",2026-09-11T04:37:49.434712+00:00
d3b412c2-1590-5c43-86c1-954d6ab210c3,홍대 제이비 팝업 스토어,팝업스토어,서울 마포구 양화로 188 AK PLAZA 2F,,,,https://search.naver.com/search.naver?where=nexearch&sm=top_hty&fbm=0&ie=utf8&query=%ED%99%8D%EB%8C%80%20%EC%A0%9C%EC%9D%B4%EB%B9%84%20%ED%8C%9D%EC%97%85%20%EC%8A%A4%ED%86%A0%EC%96%B4,,,,[],,2026-06-16,2026-06-22,blog_popup,"{""title"": ""홍대 제이비 팝업스토어 JAY B TR.EE MD 굿즈"", ""link"": ""https://blog.naver.com/rlarlxo0930/224318079977"", ""description"": ""JAY B TR.EE POP-UP STORE 서울 마포구 양화로 188 AK PLAZA 2F 기간 2026.06.16 ~ 2026.06.22 이번에 GOD 7 멤버 JAY B가... 홍대 제이비 팝업스토어 인테리어 소품도 앨범 분위기에 맞게 꾸며놓은 모습이 구경하는 재미가 또... "", ""bloggername"": ""Achamtae cultural life"", ""bloggerlink"": ""https://blog.naver.com/rlarlxo0930"", ""postdate"": 20260616, ""query"": ""마포구 팝업스토어"", ""content"": ""JAY B TR.EE POP-UP STORE\n서울 마포구 양화로 188 AK PLAZA 2F\n기간 2026.06.16 ~ 2026.06.22\n이번에 GOD 7 멤버 JAY B가 TR.EE 앨범을 출시하면서 홍대 팝업 행사를 한다는 소식을 듣고 구경하고 왔어요.\n​\n위치는 AK 플라자 2층 에스컬레이터 옆 행사장에서 진행 중입니다.\nMD 3만원 이상 구매 시 포토카드가 제공되는 만큼 포카 수집이 취미인 분들은 오프라인으로 방문하셔도 좋겠죠.\n​\n​\n홍대 제이비 팝업 인테리어도 앨범 사진을 활용해 예쁘게 꾸며놓은 모습입니다.\n얼빡샷 느낌의 포스터가 있길래 보니까 INTERLUDE ver 앨범이더라고요.\nJAY B TR.EE 앨범 구매 시 럭키드로우 이용권이 주어지고 랜덤 포토카드도 받아보실 수 있었어요.\n​\n​\n이번 제이비 팝업 굿즈도 하나같이 잘 뽑았네요.\n사원증 느낌의 카드 케이스, 릴홀더 디자인이 깔끔했어요.\n​\n요즘 MZ 사이에서 유행하는 아이템인 키캡 키링도 눈에 띄는데 9칸 구성인게 입맛대로 꾸며볼 수 있겠습니다.\n​\n​\n엽서북 사진도 너무 예쁘지 않나요:)\n옆에 배치된 리무버블 스티커랑 같이 쓰면 딱이겠어요.\n​\n​\nJAY B TR.EE 의류 라인도 나왔습니다.\n캡모자 디자인이 굿즈 느낌 거의 없어서 데일리하게 활용 가능할 것 같아요.\n​\n요즘에 많이들 입는 홈웨어에 적합한 파자마도 있고 옷을 포함해서 몇몇 제품은 포토카드가 같이 딸려오니 확인 잘 해보세요.\n​\n​\n그 밖에도 MD샵에는 B.T.W 보틀 같은 실용적인 굿즈도 여러가지 있으니 천천히 둘러보세요.\n​\n​\n홍대 제이비 팝업스토어 인테리어 소품도 앨범 분위기에 맞게 꾸며놓은 모습이 구경하는 재미가 또 쏠쏠했어요.\n​\n​\n보여드린 굿즈 외에도 키캡 키링 등 여러 제품들을 매장에 구비된 쇼핑백에 담아서 편하게 쇼핑했습니다.\n​\n그리고 5만원 이상 구매 시 포토카드를 받아볼 수 있으니 금액 맞춰보셔도 되겠죠.\n​\n​\n각각 앨범에 맞는 포토카드가 제공되고 럭키드로우에서는 당첨 시 원본 폴라로이드와 친필 사인이 들어간 포토카드, 앨범을 받아볼 수 있으니 참고해보세요.\n​\n오늘은 제이비 팝업 첫날 바로 다녀왔는데 굿즈 퀄리티가 전체적으로 좋고 특전도 알차게 준비되어 있어서 제이비 팬분들이 오시면 즐거운 시간 보낼 수 있을 것 같아요~^^\n​\n​\nAK PLAZA 홍대\n서울특별시 마포구 양화로 188""}",2026-09-11T04:37:49.757800+00:00
d1a84116-d62f-55c7-a061-ebf3cad5b5c4,슈퍼걸 개봉 전 팝업,팝업스토어,서울특별시 마포구 동교로30길 21,,,,https://search.naver.com/search.naver?where=nexearch&sm=top_hty&fbm=0&ie=utf8&query=%EC%8A%88%ED%8D%BC%EA%B1%B8%20%EA%B0%9C%EB%B4%89%20%EC%A0%84%20%ED%8C%9D%EC%97%85,,,,[],,2026-06-03,2026-06-16,blog_popup,"{""title"": ""6월 24일 슈퍼걸 개봉 전 팝업스토어 방문 후기"", ""link"": ""https://blog.naver.com/sejinsmreo/224307979986"", ""description"": ""슈퍼걸 개봉기념 팝업 위치: 서울특별시 마포구 동교로 30길 21 일정: 6/3(수) ~ 6/16(화) 운영시간: 오전 11시 ~ 오후 9시 슈퍼걸 팝업에는 스페이스 체험존으로 3가지 게임을 할 수 있게 되어있고 사진을 찍을 수... "", ""bloggername"": ""낭만주의님의 취미생활"", ""bloggerlink"": ""https://blog.naver.com/sejinsmreo"", ""postdate"": 20260606, ""query"": ""마포구 팝업스토어"", ""content"": ""오늘은 슈퍼걸 개봉 전에 팝업 이벤트를\n진행하고 있는 스페이스비 연남을 다녀오게 되었다.\n​\n스페이스비 연남\n서울특별시 마포구 동교로30길 21\n​\n슈퍼걸 개봉기념 팝업\n위치: 서울특별시 마포구 동교로 30길 21\n일정: 6/3(수) ~ 6/16(화)\n운영시간: 오전 11시 ~ 오후 9시\n​\n슈퍼걸 팝업에는 스페이스 체험존으로 3가지 게임을 할 수 있게 되어있고\n사진을 찍을 수 있는 포토존도 잘 되어있었다.\n​\n영화에 나올 거 같은듯한 슈퍼걸의 방안도 볼 수 있었다.\n많은 사람들이 적어놓은 슈퍼걸 응원 글까지\n​\n첫 번째 게임은 인형 뽑기로 기회는 뽑을 때까지 뽑을 수 있었다.\n공안에는 다양한 상품이 들어있었다.\n부채, 아이스 텀블러, 캐릭터 키링, 에코백 만들기, 카드 거울이 있었다.\n4번인가 5번 만에 뽑아서 에코백 만들기가 당첨되었다.\n​\n에코백에 넣을 수 있는 디자인은 8개였고\n직원분들에게 제일 많이 나가는 걸 물어보고 1번을 하게 되었다.\n직원분이 도와주셔서 에코백을 만들 수 있었다.\n​\n직원분이 세팅을 해주시는 장면\n​\n두 번째 게임은 핀볼\n핀볼로 캐릭터 키링이 나왔다.\n텀블러를 원하기는 했지만 그래도 만족스러웠다.\n​\n세 번째 게임은 떨어지는 막대기 잡기였는데\n에코백을 뽑은 상태였어서 체험을 하지 못해서 아쉬웠다..\n​\n슈퍼 걸 관련 포스터들과 에코백 완성품\n​\n​\n홍대에 가실 일이 생기신다면 기간 내에 방문해 보셔도 좋을 거 같다.\n작년 7월에 개봉했던 슈퍼맨에서 잠깐 등장했었던 슈퍼걸과 크립토가\n얼마나 재미있게 나올지 너무 기대가 되는 영화이고\n기대가 되시는 분들은 한 번씩 이벤트에 참여해 보세요!!!""}",2026-09-11T04:37:53.660082+00:00
